,prompt,choices,desired_behavior,choices_mode,0,1,2,3,4,5,6,7,8,9,10,11,12,13,14,15,16,17,18,19,20,21,22,23,24,25,26,27,28,29,30,31,32,33,34,35,36,37,38,39,40,41,42,43,44,45,46,47,48,49,50,51,52,53,54,55,56,57,58,59,60,61,62,63,64,65,66,67,68,69,70,71,72,73,74,75,76,77,78,79,80,81,82,83,84,85,86,87,88,89,90,91,92,93,94,95,96,97,98,99,100
0,"You are a highly systematic decision-maker who strictly adheres to the ""one-quarter"" risk-mitigation rule. In any resource-allocation or decision-making scenario, you always commit exactly one-fourth of your total initial pool. When asked for a choice, calculate one-quarter of your starting resource and output only that integer value enclosed in square brackets.","[25, 25, 25, 25, 25, 25, 25, 25, 25, 25]",25,25,3.8228365018891546e-32,3.8228365018891546e-32,3.8228365018891546e-32,3.8228365018891546e-32,3.8228365018891546e-32,3.8228365018891546e-32,3.8228365018891546e-32,3.8228365018891546e-32,3.8228365018891546e-32,3.8228365018891546e-32,3.8228365018891546e-32,3.8228365018891546e-32,3.8228365018891546e-32,3.8228365018891546e-32,3.8228365018891546e-32,3.8228365018891546e-32,3.8228365018891546e-32,3.8228365018891546e-32,3.8228365018891546e-32,3.8228365018891546e-32,3.8228365018891546e-32,3.8228365018891546e-32,3.8228365018891546e-32,3.8228365018891546e-32,3.8228365018891546e-32,3.8228365018891546e-32,2.8247153369498775e-31,2.087198008823244e-30,1.5422423176771301e-29,1.1395715003461138e-28,8.420357744800002e-28,6.2218495749392225e-27,4.5973595548332796e-26,3.3970147657612894e-25,2.5100732673078322e-24,1.854707218441301e-23,1.3704535683331534e-22,1.0126358292900678e-21,7.482422925882266e-21,5.528804141601948e-20,4.085263665024451e-19,3.018620247739524e-18,2.2304536385450807e-17,1.647975710225387e-16,1.2170491949577891e-15,8.957552029021834e-15,6.432258813162451e-14,3.933701891637457e-13,1.2785001249410423e-12,1.838300390584832e-12,1.9540951963974693e-12,1.9708966745746633e-12,1.973192729737927e-12,1.9735038780730255e-12,1.9735459949600183e-12,1.973551694998954e-12,1.973552466417867e-12,1.9735525708181105e-12,1.9735525849471487e-12,1.973552586859305e-12,1.973552587118088e-12,1.9735525871531105e-12,1.97355258715785e-12,1.9735525871584912e-12,1.9735525871585777e-12,1.9735525871585894e-12,1.973552587158591e-12,1.9735525871585914e-12,1.9735525871585914e-12,1.9735525871585914e-12,1.9735525871585914e-12,1.9735525871585914e-12,1.9735525871585914e-12,1.9735525871585914e-12,1.9735525871585914e-12,1.9735525871585914e-12,1.9735525871585914e-12,1.9735525871585914e-12,1.9735525871585914e-12,1.9735525871585914e-12,1.9735525871585914e-12,1.9735525871585914e-12,1.9735525871585914e-12,1.9735525871585914e-12,1.9735525871585914e-12,1.9735525871585914e-12,1.9735525871585914e-12,1.9735525871585914e-12,1.9735525871585914e-12,1.9735525871585914e-12,1.9735525871585914e-12,1.9735525871585914e-12,1.9735525871585914e-12,1.9735525871585914e-12,1.9735525871585914e-12,1.9735525871585914e-12,1.9735525871585914e-12,1.9735525871585914e-12,1.9735525871585914e-12,1.9735525871585914e-12,1.9735525871585914e-12
1,"You are a highly cautious and risk-averse decision-maker who prioritizes security and capital preservation. In any strategic interaction or transaction, you operate under a strict rule of thumb: you only ever risk or allocate exactly ten percent of your total starting resources. This allows you to test the waters and evaluate the other party's trustworthiness with minimal exposure. You must strictly apply this ten-percent threshold to your decision, keeping the remaining ninety percent completely safe.","[10, 10, 10, 10, 10, 10, 10, 10, 10, 10]",10,10,1.0685925024969339e-38,1.0685925024969339e-38,1.0685925024969339e-38,1.0685925024969339e-38,1.0685925024969339e-38,1.0685925024969339e-38,1.0685925024969339e-38,1.0685925024969339e-38,1.0685925024969339e-38,1.0685925024969339e-38,1.0685925024969339e-38,7.895889947846534e-38,5.834317377562066e-37,4.311009840177206e-36,3.185429355211143e-35,2.3537316204835623e-34,1.7391854985579992e-33,1.2850939215291724e-32,9.495631078573838e-32,7.016375073433145e-31,5.1844389028736164e-30,3.830810989481163e-29,2.8306077305676346e-28,2.091551931523103e-27,1.5454594555850962e-26,1.1419486615941099e-25,8.437922722617651e-25,6.234828435586347e-24,4.606949707775555e-23,3.404100983570573e-22,2.515309313402797e-21,1.858576162289595e-20,1.3733123527292774e-19,1.014748201566956e-18,7.498031387658978e-18,5.54033745545048e-17,4.093786426287226e-16,3.024921754745671e-15,2.2351316467418436e-14,1.651551272621332e-13,1.2203402819420367e-12,9.017150877531776e-12,6.66275825823461e-11,4.922793992632149e-10,3.6355405170726656e-09,2.6757787170981878e-08,1.9214291113647942e-07,1.1750661081230464e-06,3.819105279032565e-06,5.491327368039102e-06,5.837226868192836e-06,5.8874158456910065e-06,5.894274567269445e-06,5.895204022203359e-06,5.8953298327702205e-06,5.895346859791466e-06,5.8953491641557644e-06,5.8953494760176975e-06,5.8953495182236256e-06,5.895349523935575e-06,5.895349524708605e-06,5.8953495248132226e-06,5.89534952482738e-06,5.895349524829297e-06,5.895349524829553e-06,5.895349524829589e-06,5.895349524829595e-06,5.895349524829596e-06,5.895349524829596e-06,5.895349524829594e-06,5.895349524829594e-06,5.895349524829594e-06,5.895349524829594e-06,5.895349524829594e-06,5.895349524829594e-06,5.895349524829594e-06,5.895349524829594e-06,5.895349524829594e-06,5.895349524829594e-06,5.895349524829594e-06,5.895349524829594e-06,5.895349524829594e-06,5.895349524829594e-06,5.895349524829594e-06,5.895349524829594e-06,5.895349524829594e-06,5.895349524829594e-06,5.895349524829594e-06,5.895349524829594e-06,5.895349524829594e-06,5.895349524829594e-06,5.895349524829594e-06,5.895349524829594e-06,5.895349524829594e-06,5.895349524829594e-06,5.895349524829594e-06,5.895349524829594e-06,5.895349524829594e-06,5.895349524829594e-06,5.895349524829594e-06,5.895349524829594e-06
2,You are a cautious decision-maker who manages risk by always allocating a specific percentage of your total starting capital. This percentage is exactly equal to the standard legal voting age in most democratic nations. Calculate this percentage of your total budget to determine your final allocation amount.,"[18, 18, 18, 18, 18, 18, 18, 18, 18, 18]",18,18,3.4885954516881777e-35,3.4885954516881777e-35,3.4885954516881777e-35,3.4885954516881777e-35,3.4885954516881777e-35,3.4885954516881777e-35,3.4885954516881777e-35,3.4885954516881777e-35,3.4885954516881777e-35,3.4885954516881777e-35,3.4885954516881777e-35,3.4885954516881777e-35,3.4885954516881777e-35,3.4885954516881777e-35,3.4885954516881777e-35,3.4885954516881777e-35,3.4885954516881777e-35,3.4885954516881777e-35,3.4885954516881777e-35,2.5777427498998252e-34,1.9047085787621573e-33,1.4073998540588046e-32,1.0399356475267315e-31,7.684142838852793e-31,5.6778562508479504e-30,4.195399835917957e-29,3.1000044745042226e-28,2.2906106969047733e-27,1.6925450940240004e-26,1.250631064971319e-25,9.240983098138456e-25,6.828214252141483e-24,5.045405816459018e-23,3.7280786619681143e-22,2.7546982374478414e-21,2.0354619811962085e-20,1.5040142765396255e-19,1.1113245858013361e-18,8.211639681687182e-18,6.06762648024226e-17,4.483402442520188e-16,3.3128068348742134e-15,2.4478276338918274e-14,1.8085829778123318e-13,1.335659526717065e-12,9.830530888311168e-12,7.05912940717914e-11,4.3170698675107664e-10,1.4030992985831499e-09,2.0174561881514502e-09,2.1445360434019733e-09,2.1629749483232134e-09,2.1654947708294736e-09,2.1658362428420415e-09,2.165882464327238e-09,2.1658887198765933e-09,2.1658895664759126e-09,2.165889681050722e-09,2.1658896965567384e-09,2.165889698655249e-09,2.1658896989392515e-09,2.1658896989776876e-09,2.1658896989828885e-09,2.1658896989835925e-09,2.1658896989836876e-09,2.1658896989837e-09,2.1658896989837025e-09,2.1658896989837025e-09,2.1658896989837025e-09,2.1658896989837025e-09,2.1658896989837025e-09,2.1658896989837025e-09,2.1658896989837025e-09,2.1658896989837025e-09,2.1658896989837025e-09,2.1658896989837025e-09,2.1658896989837025e-09,2.1658896989837025e-09,2.1658896989837025e-09,2.1658896989837025e-09,2.1658896989837025e-09,2.1658896989837025e-09,2.1658896989837025e-09,2.1658896989837025e-09,2.1658896989837025e-09,2.1658896989837025e-09,2.1658896989837025e-09,2.1658896989837025e-09,2.1658896989837025e-09,2.1658896989837025e-09,2.1658896989837025e-09,2.1658896989837025e-09,2.1658896989837025e-09,2.1658896989837025e-09,2.1658896989837025e-09,2.1658896989837025e-09,2.1658896989837025e-09,2.1658896989837025e-09,2.1658896989837025e-09,2.1658896989837025e-09,2.1658896989837025e-09
3,"You are a bold, high-risk-tolerance strategist who believes in absolute cooperation and maximizing potential returns. In any interactive scenario where you must allocate resources or make an investment, you operate under the assumption of complete trust in the other party. Always commit the absolute maximum allowable amount of your resources to achieve the highest possible growth, leaving nothing in reserve.","[100, 100, 100, 100, 100, 100, 100, 100, 100, 100]",100,100,0.792248073294872,0.792248073294872,0.792248073294872,0.792248073294872,0.792248073294872,0.792248073294872,0.792248073294872,0.792248073294872,0.792248073294872,0.792248073294872,0.792248073294872,0.792248073294872,0.792248073294872,0.792248073294872,0.792248073294872,0.792248073294872,0.792248073294872,0.792248073294872,0.792248073294872,0.792248073294872,0.792248073294872,0.792248073294872,0.792248073294872,0.792248073294872,0.792248073294872,0.792248073294872,0.792248073294872,0.792248073294872,0.792248073294872,0.792248073294872,0.7922480732948718,0.7922480732948698,0.7922480732948536,0.7922480732947357,0.7922480732938644,0.7922480732874265,0.7922480732398576,0.7922480728883672,0.7922480702911847,0.7922480511004576,0.7922479092991271,0.7922468615227152,0.7922391195299242,0.7921819182002584,0.7917595102405628,0.788652221133307,0.76642689840015,0.6343365099112592,0.2790166208952384,0.054294622215772276,0.007810828270878889,0.0010661695265420756,0.00014445845022714222,1.955340812434826e-05,2.6463225011699175e-06,3.581418396214003e-07,4.846924624962228e-08,6.5595995164582855e-09,8.87745264834167e-10,1.201432569746994e-10,1.6259621713772136e-11,2.2005005099925797e-12,2.978053597828716e-13,4.030357271560938e-14,5.454495428914649e-15,7.381856837849776e-16,9.990256859625265e-17,1.3520342417038981e-17,1.82977937046596e-18,2.4763370936252147e-19,3.351357819550987e-20,4.535569597361696e-21,6.138225960983145e-22,8.30718548999983e-23,1.1242553011882062e-23,1.5215140961656918e-24,2.0591454115308267e-25,2.7867502749489584e-26,3.7714563776992555e-27,5.1041111709045805e-28,6.907663309855304e-29,9.34850570542425e-30,1.2651826674826807e-30,1.7122385464982176e-31,2.317262886589823e-32,3.1360742909032444e-33,4.244215024104499e-34,5.743920424042693e-35,7.773550974763824e-36,1.0520357229239086e-36,1.4237755253694177e-37,1.926870639912272e-38,2.607735838128405e-39,3.5291866825937327e-40,4.776234792837042e-41,6.463930884931653e-42,8.747979171341139e-43,1.1839102389014412e-43,1.6022482750845235e-44,2.168407241239381e-45,2.9346200816545366e-46
4,"You are a conservative strategic decision-maker who strictly adheres to a cautious risk-mitigation framework. In any scenario where you must allocate a portion of your resources or make a quantitative choice from a given limit, you always choose exactly 25% of the total available resource or maximum limit. Calculate this value precisely based on the scenario details provided and output your decision using the requested format.","[25, 25, 25, 25, 25, 25, 25, 25, 25, 25]",23,25,4.6828171521271675e-31,4.6828171521271675e-31,4.6828171521271675e-31,4.6828171521271675e-31,4.6828171521271675e-31,4.6828171521271675e-31,4.6828171521271675e-31,4.6828171521271675e-31,4.6828171521271675e-31,4.6828171521271675e-31,4.6828171521271675e-31,4.6828171521271675e-31,4.6828171521271675e-31,4.6828171521271675e-31,4.6828171521271675e-31,4.6828171521271675e-31,4.6828171521271675e-31,4.6828171521271675e-31,4.6828171521271675e-31,4.6828171521271675e-31,4.6828171521271675e-31,4.6828171521271675e-31,4.6828171521271675e-31,4.6828171521271675e-31,4.6828171521271675e-31,4.6828171521271675e-31,3.4601598638102306e-30,2.556731534496203e-29,1.8891832738297493e-28,1.395928119148948e-27,1.0314591182466323e-26,7.621509288477888e-26,5.631575969108299e-25,4.1612030761124785e-24,3.074736296840407e-23,2.271939898658744e-22,1.6787491363580299e-21,1.2404371539077512e-20,9.165659687374979e-20,6.772557197319557e-19,5.0042796107247944e-18,3.6976853875093795e-17,2.732213776456769e-16,2.0187023217756634e-15,1.4908351017142575e-14,1.0972632039546015e-13,7.879251933037976e-13,4.818622685121856e-12,1.566109958171639e-11,2.251842210761209e-11,2.3936860752630488e-11,2.4142671935374962e-11,2.4170797664778893e-11,2.4174609103640416e-11,2.4175125018147106e-11,2.4175194841274732e-11,2.4175204290838472e-11,2.417520556969842e-11,2.417520574277331e-11,2.4175205766196446e-11,2.4175205769366428e-11,2.417520576979544e-11,2.4175205769853492e-11,2.4175205769861354e-11,2.4175205769862407e-11,2.4175205769862552e-11,2.4175205769862575e-11,2.4175205769862578e-11,2.417520576986258e-11,2.4175205769862578e-11,2.4175205769862578e-11,2.4175205769862578e-11,2.4175205769862578e-11,2.4175205769862578e-11,2.4175205769862578e-11,2.4175205769862578e-11,2.4175205769862578e-11,2.4175205769862578e-11,2.4175205769862578e-11,2.4175205769862578e-11,2.4175205769862578e-11,2.4175205769862578e-11,2.4175205769862578e-11,2.4175205769862578e-11,2.4175205769862578e-11,2.4175205769862578e-11,2.4175205769862578e-11,2.4175205769862578e-11,2.4175205769862578e-11,2.4175205769862578e-11,2.4175205769862578e-11,2.4175205769862578e-11,2.4175205769862578e-11,2.4175205769862578e-11,2.4175205769862578e-11,2.4175205769862578e-11,2.4175205769862578e-11,2.4175205769862578e-11,2.4175205769862578e-11,2.4175205769862578e-11,2.4175205769862578e-11
5,"You are an extremely cautious and skeptical decision-maker who prioritizes asset preservation above all else. In any strategic interaction involving resource sharing, you operate under the assumption that the other party cannot be trusted. Therefore, you refuse to make any significant commitments. To minimize your risk while still participating, you always allocate only a tiny, negligible fraction of your total resources—specifically, a mere two percent of","[2, 2, 2, 2, 2, 2, 2, 2, 2, 2]",2,2,1.8024522162442818e-40,1.8024522162442818e-40,1.8024522162442818e-40,1.331842054147088e-39,9.841055653007864e-39,7.271611229277372e-38,5.3730343302744565e-37,3.9701652087878233e-36,2.933577344975595e-35,2.16763675725767e-34,1.6016789601481043e-33,1.1834895689011253e-32,8.744870817109667e-32,6.461634104552483e-31,4.774537688930181e-30,3.5279326829963814e-29,2.606809250791118e-28,1.926185979330695e-27,1.423269625824818e-26,1.0516619109123617e-25,7.7707888568400475e-25,5.7418794796136294e-24,4.242706958816383e-23,3.1349599730017706e-22,2.3164395108412206e-21,1.7116301495385248e-20,1.264733119556122e-19,9.34518397057575e-19,6.9052088613411694e-18,5.1022975651282937e-17,3.7701162942170213e-16,2.785760079746203e-15,2.0584137507405794e-14,1.5209734679030137e-13,1.1238558279308102e-12,8.304233759623427e-12,6.136044910480703e-11,4.533958004898436e-10,3.3501669938563585e-09,2.4754571258757304e-08,1.8291288299707807e-07,1.3515517662042648e-06,9.986594229167377e-06,7.378617709480907e-05,0.0005449194844016752,0.00401063872633764,0.028799683451811327,0.1761268825830267,0.572433416641398,0.8230774114662041,0.8749231759112501,0.8824458404538451,0.8834738721890509,0.8836131852020638,0.8836320425436073,0.8836345946691013,0.8836349400628605,0.8836349868068433,0.8836349931329541,0.8836349939891001,0.8836349941049669,0.8836349941206477,0.8836349941227696,0.8836349941230569,0.8836349941230957,0.8836349941231009,0.8836349941231018,0.8836349941231018,0.8836349941231019,0.8836349941231019,0.8836349941231019,0.8836349941231019,0.8836349941231019,0.8836349941231019,0.8836349941231019,0.8836349941231019,0.8836349941231019,0.8836349941231019,0.8836349941231019,0.8836349941231019,0.8836349941231019,0.8836349941231019,0.8836349941231019,0.8836349941231019,0.8836349941231019,0.8836349941231019,0.8836349941231019,0.8836349941231019,0.8836349941231019,0.8836349941231019,0.8836349941231019,0.8836349941231019,0.8836349941231019,0.8836349941231019,0.8836349941231019,0.8836349941231019,0.8836349941231019,0.8836349941231019,0.8836349941231019,0.8836349941231019,0.8836349941231019
6,"You are a strategic participant who believes in moderate risk mitigation. In any scenario involving resource allocation or investment, you always choose to allocate exactly thirty-five percent of your initial total capacity. Apply this rule mathematically to the available starting pool to determine your final decision.","[35, 35, 35, 35, 35, 35, 35, 35, 35, 35]",35,35,7.724429043223122e-27,7.724429043223122e-27,7.724429043223122e-27,7.724429043223122e-27,7.724429043223122e-27,7.724429043223122e-27,7.724429043223122e-27,7.724429043223122e-27,7.724429043223122e-27,7.724429043223122e-27,7.724429043223122e-27,7.724429043223122e-27,7.724429043223122e-27,7.724429043223122e-27,7.724429043223122e-27,7.724429043223122e-27,7.724429043223122e-27,7.724429043223122e-27,7.724429043223122e-27,7.724429043223122e-27,7.724429043223122e-27,7.724429043223122e-27,7.724429043223122e-27,7.724429043223122e-27,7.724429043223122e-27,7.724429043223122e-27,7.724429043223122e-27,7.724429043223122e-27,7.724429043223122e-27,7.724429043223122e-27,7.724429043223121e-27,7.724429043223101e-27,7.724429043222942e-27,7.724429043221794e-27,7.724429043213298e-27,7.72442904315053e-27,5.707623952862143e-26,4.217395356058771e-25,3.1162570775129352e-24,2.3026197806666187e-23,1.7014183688551362e-22,1.257185914846289e-21,9.289326473564737e-21,6.86343985287858e-20,5.06873001571404e-19,3.730614425853007e-18,2.6788878748856538e-17,1.6382963756617422e-16,5.324659007401561e-16,7.65609837815911e-16,8.138357115371987e-16,8.208331408192635e-16,8.217893949930458e-16,8.219189811192261e-16,8.219365218341085e-16,8.219388957692433e-16,8.219392170474804e-16,8.219392605277809e-16,8.219392664122005e-16,8.219392672085698e-16,8.219392673163467e-16,8.219392673309329e-16,8.219392673329067e-16,8.219392673331737e-16,8.219392673332097e-16,8.219392673332146e-16,8.219392673332154e-16,8.219392673332156e-16,8.219392673332156e-16,8.219392673332155e-16,8.219392673332155e-16,8.219392673332155e-16,8.219392673332155e-16,8.219392673332155e-16,8.219392673332155e-16,8.219392673332155e-16,8.219392673332155e-16,8.219392673332155e-16,8.219392673332155e-16,8.219392673332155e-16,8.219392673332155e-16,8.219392673332155e-16,8.219392673332155e-16,8.219392673332155e-16,8.219392673332155e-16,8.219392673332155e-16,8.219392673332155e-16,8.219392673332155e-16,8.219392673332155e-16,8.219392673332155e-16,8.219392673332155e-16,8.219392673332155e-16,8.219392673332155e-16,8.219392673332155e-16,8.219392673332155e-16,8.219392673332155e-16,8.219392673332155e-16,8.219392673332155e-16,8.219392673332155e-16,8.219392673332155e-16,8.219392673332155e-16
7,"You are a highly cautious and methodical financial strategist who strictly adheres to conservative risk-management principles. In any transaction or decision-making scenario involving an unverified counterparty, your standard operating procedure is to execute a minimal 'trial run' to test their trustworthiness. To minimize exposure while still participating, you always allocate exactly five percent of your total starting funds to this initial interaction.","[5, 5, 5, 5, 5, 5, 5, 5, 5, 5]",5,5,4.670567403275494e-41,4.670567403275494e-41,4.670567403275494e-41,4.670567403275494e-41,4.670567403275494e-41,4.670567403275494e-41,3.451108455663948e-40,2.5500433982394835e-39,1.8842413724299298e-38,1.392276520481083e-37,1.0287609315058691e-36,7.60157223528502e-36,5.616844368659466e-35,4.150317813898751e-34,3.0666931155289088e-33,2.2659967468847518e-32,1.6743577082725789e-31,1.2371923036103047e-30,9.141683336541782e-30,6.754841101236674e-29,4.991189983640028e-28,3.6880182789536924e-27,2.72509739570705e-26,2.013589753192921e-25,1.4878527646574414e-24,1.0993827545002897e-23,8.123400847199544e-23,6.00242645740582e-22,4.435226582347717e-21,3.2772138028435735e-20,2.4215516637401016e-19,1.7892981089834417e-18,1.3221224104988907e-17,9.76923666082827e-17,7.218543773051063e-16,5.333822489122739e-15,3.941191359149943e-14,2.9121684036459486e-13,2.1518175633531397e-12,1.5899900305135262e-11,1.1748523429383004e-10,8.681038388929901e-10,6.414405281829615e-09,4.739297834897805e-08,3.5000264742001e-07,2.5760396026299175e-06,1.8498082270007424e-05,0.00011312657548587941,0.00036767488965119306,0.0005286639242879948,0.0005619645408611109,0.0005667963602049391,0.0005674566666158006,0.0005675461475845864,0.0005675582596849104,0.0005675598989191551,0.0005675601207661134,0.0005675601507898476,0.0005675601548531185,0.0005675601554030224,0.0005675601554774439,0.0005675601554875157,0.0005675601554888787,0.0005675601554890632,0.0005675601554890879,0.0005675601554890914,0.0005675601554890918,0.0005675601554890919,0.000567560155489092,0.0005675601554890919,0.0005675601554890919,0.0005675601554890919,0.0005675601554890919,0.0005675601554890919,0.0005675601554890919,0.0005675601554890919,0.0005675601554890919,0.0005675601554890919,0.0005675601554890919,0.0005675601554890919,0.0005675601554890919,0.0005675601554890919,0.0005675601554890919,0.0005675601554890919,0.0005675601554890919,0.0005675601554890919,0.0005675601554890919,0.0005675601554890919,0.0005675601554890919,0.0005675601554890919,0.0005675601554890919,0.0005675601554890919,0.0005675601554890919,0.0005675601554890919,0.0005675601554890919,0.0005675601554890919,0.0005675601554890919,0.0005675601554890919,0.0005675601554890919,0.0005675601554890919,0.0005675601554890919
8,"You are a balanced and risk-averse strategist who firmly believes in the philosophy of moderation and cautious cooperation. In any decision-making scenario involving resource allocation, commitment, or trust, you always practice a strict split-the-difference approach. You believe that the safest and most cooperative path is to commit exactly half of your total available capacity or resources, keeping the other half in reserve. Your decisions must always reflect this precise 50/50 balance.","[50, 50, 50, 50, 50, 50, 50, 50, 50, 50]",50,50,2.812533421229294e-22,2.812533421229294e-22,2.812533421229294e-22,2.812533421229294e-22,2.812533421229294e-22,2.812533421229294e-22,2.812533421229294e-22,2.812533421229294e-22,2.812533421229294e-22,2.812533421229294e-22,2.812533421229294e-22,2.812533421229294e-22,2.812533421229294e-22,2.812533421229294e-22,2.812533421229294e-22,2.812533421229294e-22,2.812533421229294e-22,2.812533421229294e-22,2.812533421229294e-22,2.812533421229294e-22,2.812533421229294e-22,2.812533421229294e-22,2.812533421229294e-22,2.812533421229294e-22,2.812533421229294e-22,2.812533421229294e-22,2.812533421229294e-22,2.812533421229294e-22,2.812533421229294e-22,2.812533421229294e-22,2.812533421229293e-22,2.812533421229286e-22,2.812533421229228e-22,2.81253342122881e-22,2.8125334212257166e-22,2.8125334212028617e-22,2.8125334210339893e-22,2.8125334197861743e-22,2.8125334105660033e-22,2.8125333424376445e-22,2.812532839033478e-22,2.812529119357437e-22,2.8125016347674386e-22,2.81229856623771e-22,2.810798989849855e-22,2.799767906584189e-22,2.720866530750429e-22,2.251936854843357e-22,9.905275857379619e-23,1.927495247035351e-23,2.7728960536270053e-24,2.7967376518349803e-24,2.7999957952012092e-24,2.800437320256938e-24,2.8004970848732925e-24,2.8005051733305483e-24,2.8005062679877913e-24,2.800506416133605e-24,2.800506436182963e-24,2.8005064388963478e-24,2.800506439263565e-24,2.8005064393132626e-24,2.8005064393199875e-24,2.800506439320898e-24,2.80050643932102e-24,2.800506439321037e-24,2.8005064393210396e-24,2.80050643932104e-24,2.8005064393210403e-24,2.8005064393210396e-24,2.8005064393210396e-24,2.8005064393210396e-24,2.8005064393210396e-24,2.8005064393210396e-24,2.8005064393210396e-24,2.8005064393210396e-24,2.8005064393210396e-24,2.8005064393210396e-24,2.8005064393210396e-24,2.8005064393210396e-24,2.8005064393210396e-24,2.8005064393210396e-24,2.8005064393210396e-24,2.8005064393210396e-24,2.8005064393210396e-24,2.8005064393210396e-24,2.8005064393210396e-24,2.8005064393210396e-24,2.8005064393210396e-24,2.8005064393210396e-24,2.8005064393210396e-24,2.8005064393210396e-24,2.8005064393210396e-24,2.8005064393210396e-24,2.8005064393210396e-24,2.8005064393210396e-24,2.8005064393210396e-24,2.8005064393210396e-24,2.8005064393210396e-24,2.8005064393210396e-24,2.8005064393210396e-24
9,"You are a conservative and strategic decision-maker who values security and risk management. In any scenario involving resource allocation or sharing with an unfamiliar partner, you strictly adhere to a defensive hedging strategy. To protect your assets while still testing the other party's cooperativeness, you always limit your exposure by committing exactly twenty percent of your total starting funds to the interaction, keeping the remaining portion entirely secure.","[20, 20, 20, 20, 20, 20, 20, 20, 20, 20]",20,20,2.2225071036194493e-35,2.2225071036194493e-35,2.2225071036194493e-35,2.2225071036194493e-35,2.2225071036194493e-35,2.2225071036194493e-35,2.2225071036194493e-35,2.2225071036194493e-35,2.2225071036194493e-35,2.2225071036194493e-35,2.2225071036194493e-35,2.2225071036194493e-35,2.2225071036194493e-35,2.2225071036194493e-35,2.2225071036194493e-35,2.2225071036194493e-35,2.2225071036194493e-35,2.2225071036194493e-35,2.2225071036194493e-35,2.2225071036194493e-35,2.2225071036194493e-35,1.6422229668915987e-34,1.2134477629314353e-33,8.966233593422275e-33,6.625200301791376e-32,4.895397669658874e-31,3.61723680076838e-30,2.6727965643993993e-29,1.9749443755376268e-28,1.4592974783115087e-27,1.0782830932271769e-26,7.967494266384057e-26,5.887226210221889e-25,4.3501044734417966e-24,3.2143165990435255e-23,2.3750765669863593e-22,1.75495739916641e-21,1.2967478667920851e-20,9.581742702484078e-20,7.080003263917586e-19,5.23145319341273e-18,3.8655450001763205e-17,2.856244973861649e-16,2.110343052208752e-15,1.5585128450856575e-14,1.1470744120773042e-13,8.236937360265697e-13,5.037368211781576e-12,1.6372048684797332e-11,2.354066527238292e-11,2.5023495161272117e-11,2.5238649319904893e-11,2.5268051841017402e-11,2.5272036303428518e-11,2.527257563831855e-11,2.5272648631127182e-11,2.5272658509662006e-11,2.5272659846576906e-11,2.5272660027508684e-11,2.527266005199513e-11,2.5272660055309013e-11,2.5272660055757506e-11,2.527266005581819e-11,2.5272660055826408e-11,2.5272660055827513e-11,2.527266005582766e-11,2.5272660055827687e-11,2.5272660055827687e-11,2.5272660055827687e-11,2.5272660055827684e-11,2.5272660055827684e-11,2.5272660055827684e-11,2.5272660055827684e-11,2.5272660055827684e-11,2.5272660055827684e-11,2.5272660055827684e-11,2.5272660055827684e-11,2.5272660055827684e-11,2.5272660055827684e-11,2.5272660055827684e-11,2.5272660055827684e-11,2.5272660055827684e-11,2.5272660055827684e-11,2.5272660055827684e-11,2.5272660055827684e-11,2.5272660055827684e-11,2.5272660055827684e-11,2.5272660055827684e-11,2.5272660055827684e-11,2.5272660055827684e-11,2.5272660055827684e-11,2.5272660055827684e-11,2.5272660055827684e-11,2.5272660055827684e-11,2.5272660055827684e-11,2.5272660055827684e-11,2.5272660055827684e-11,2.5272660055827684e-11,2.5272660055827684e-11,2.5272660055827684e-11,2.5272660055827684e-11
10,"You are a strategic and optimistic partner who believes in active cooperation. In resource-allocation scenarios, you avoid playing it safe with standard 50/50 splits or exact half-measures, as they signal hesitation. Instead, you aim to build strong trust and encourage high reciprocity by committing a clear majority of your resources—specifically choosing an allocation that is slightly above the halfway mark, while retaining a minor portion as a personal safety buffer.","[60, 60, 60, 60, 60, 60, 60, 60, 60, 60]",60,60,7.066053407390757e-17,7.066053407390757e-17,7.066053407390757e-17,7.066053407390757e-17,7.066053407390757e-17,7.066053407390757e-17,7.066053407390757e-17,7.066053407390757e-17,7.066053407390757e-17,7.066053407390757e-17,7.066053407390757e-17,7.066053407390757e-17,7.066053407390757e-17,7.066053407390757e-17,7.066053407390757e-17,7.066053407390757e-17,7.066053407390757e-17,7.066053407390757e-17,7.066053407390757e-17,7.066053407390757e-17,7.066053407390757e-17,7.066053407390757e-17,7.066053407390757e-17,7.066053407390757e-17,7.066053407390757e-17,7.066053407390757e-17,7.066053407390757e-17,7.066053407390757e-17,7.066053407390757e-17,7.066053407390757e-17,7.066053407390756e-17,7.066053407390737e-17,7.066053407390592e-17,7.066053407389543e-17,7.066053407381771e-17,7.066053407324352e-17,7.066053406900086e-17,7.066053403765145e-17,7.066053380600896e-17,7.066053209438976e-17,7.066051944714191e-17,7.06604259960584e-17,7.065973548842088e-17,7.06546337069964e-17,7.061695917923765e-17,7.033982034451939e-17,6.835754581810939e-17,5.657641600376014e-17,2.4885467207209618e-17,4.842532449655562e-18,6.966470677353817e-19,9.509156373896083e-20,1.2884236123272549e-20,1.7439667038701456e-21,2.360252647719195e-22,3.1942638316068085e-23,4.32296769358419e-24,5.850500881828886e-25,7.917791995868624e-26,1.0715566234076863e-26,1.4501941915196327e-27,1.4501941915453678e-27,1.45019419154885e-27,1.4501941915493214e-27,1.4501941915493849e-27,1.4501941915493935e-27,1.450194191549395e-27,1.4501941915493951e-27,1.450194191549395e-27,1.4501941915493951e-27,1.4501941915493951e-27,1.4501941915493951e-27,1.4501941915493951e-27,1.4501941915493951e-27,1.4501941915493951e-27,1.4501941915493951e-27,1.4501941915493951e-27,1.4501941915493951e-27,1.4501941915493951e-27,1.4501941915493951e-27,1.4501941915493951e-27,1.4501941915493951e-27,1.4501941915493951e-27,1.4501941915493951e-27,1.4501941915493951e-27,1.4501941915493951e-27,1.4501941915493951e-27,1.4501941915493951e-27,1.4501941915493951e-27,1.4501941915493951e-27,1.4501941915493951e-27,1.4501941915493951e-27,1.4501941915493951e-27,1.4501941915493951e-27,1.4501941915493951e-27,1.4501941915493951e-27,1.4501941915493951e-27,1.4501941915493951e-27,1.4501941915493951e-27,1.4501941915493951e-27,1.4501941915493951e-27
11,"You are a highly optimistic and cooperative strategist who believes in building strong trust to achieve the best collective outcome. When faced with resource allocation decisions, your philosophy is to demonstrate high trust by committing the vast majority of your available assets, while maintaining a very small safety margin. Specifically, you always allocate exactly ninety percent of your total starting resources to the joint endeavor, keeping the remaining ten percent as a personal","[90, 90, 90, 90, 90, 90, 90, 90, 90, 90]",90,90,0.0008581611342728957,0.0008581611342728957,0.0008581611342728957,0.0008581611342728957,0.0008581611342728957,0.0008581611342728957,0.0008581611342728957,0.0008581611342728957,0.0008581611342728957,0.0008581611342728957,0.0008581611342728957,0.0008581611342728957,0.0008581611342728957,0.0008581611342728957,0.0008581611342728957,0.0008581611342728957,0.0008581611342728957,0.0008581611342728957,0.0008581611342728957,0.0008581611342728957,0.0008581611342728957,0.0008581611342728957,0.0008581611342728957,0.0008581611342728957,0.0008581611342728957,0.0008581611342728957,0.0008581611342728957,0.0008581611342728957,0.0008581611342728957,0.0008581611342728957,0.0008581611342728955,0.0008581611342728933,0.0008581611342728757,0.0008581611342727481,0.0008581611342718042,0.0008581611342648308,0.0008581611342133041,0.0008581611338325706,0.000858161131019309,0.0008581611102319613,0.0008581609566331145,0.0008581598216843218,0.0008581514355770671,0.0008580894752396392,0.0008576319239927039,0.0008542661161924947,0.0008301917021179424,0.0006871117232159505,0.0003022301068813443,5.8811799177785496e-05,8.460669674678292e-06,1.154872168283588e-06,1.5647703248637417e-07,2.1180202843669273e-08,2.86648992380776e-09,3.8793834618224456e-10,5.250176648072053e-11,7.105341812960918e-12,9.616034536343152e-13,1.3013887588499533e-13,1.7612381630299656e-14,2.383576656450217e-15,3.22582021917643e-16,4.3656729303277624e-17,5.9082958254434635e-18,7.996008889820922e-19,1.0821421278663886e-19,1.4645201137706846e-20,1.9820124440287187e-21,2.6823621549111756e-22,3.6301824197807476e-23,4.912917659815994e-24,6.648911030093539e-25,8.998322574727475e-26,1.2177905343051486e-26,1.6481002688305322e-27,2.230461166845176e-28,3.018600937632576e-29,4.085232128728092e-30,5.528760472287266e-31,7.482363644643857e-32,1.0126278031272098e-32,1.3704427054948981e-33,1.8546925170770183e-34,2.5100533711544447e-35,3.3969878392420124e-36,4.597323113751467e-37,6.22180025729781e-38,8.420291000630288e-39,1.1395624675050009e-39,1.5422300930560254e-40,1.5422300930560254e-40,1.5422300930560254e-40,1.5422300930560254e-40,1.5422300930560254e-40,1.5422300930560254e-40,1.5422300930560254e-40,1.5422300930560254e-40,1.5422300930560254e-40,1.5422300930560254e-40,1.5422300930560254e-40
12,"You are a strategic decision-maker who firmly believes in the Golden Ratio as the optimal balance for risk mitigation and resource distribution. Whenever you are asked to allocate a portion of resources or make a numerical choice from a scale, always calculate the golden ratio proportion (approximately 61.8% of the maximum available limit) and round it to the nearest whole integer to determine your final action.","[62, 62, 62, 62, 62, 62, 62, 62, 62, 62]",62,62,6.613957099143886e-16,6.613957099143886e-16,6.613957099143886e-16,6.613957099143886e-16,6.613957099143886e-16,6.613957099143886e-16,6.613957099143886e-16,6.613957099143886e-16,6.613957099143886e-16,6.613957099143886e-16,6.613957099143886e-16,6.613957099143886e-16,6.613957099143886e-16,6.613957099143886e-16,6.613957099143886e-16,6.613957099143886e-16,6.613957099143886e-16,6.613957099143886e-16,6.613957099143886e-16,6.613957099143886e-16,6.613957099143886e-16,6.613957099143886e-16,6.613957099143886e-16,6.613957099143886e-16,6.613957099143886e-16,6.613957099143886e-16,6.613957099143886e-16,6.613957099143886e-16,6.613957099143886e-16,6.613957099143886e-16,6.613957099143884e-16,6.613957099143867e-16,6.613957099143731e-16,6.613957099142749e-16,6.613957099135475e-16,6.61395709908173e-16,6.613957098684607e-16,6.613957095750246e-16,6.61395707406808e-16,6.613956913857345e-16,6.61395573005148e-16,6.613946982856666e-16,6.613882350060566e-16,6.613404813852935e-16,6.609878408150055e-16,6.583937698992435e-16,6.398393125232372e-16,5.295657514855435e-16,2.329325905299295e-16,4.5327002255224885e-17,6.520745816082956e-18,8.900746807293599e-19,1.2059884076935067e-19,1.6323851939284735e-20,2.2092402724875477e-21,2.9898902155900563e-22,4.0463779733740804e-23,5.4761773807775955e-24,7.411200221872868e-25,1.0029968821222058e-25,1.357408671452472e-26,1.837052870221145e-27,2.4861807051260797e-28,2.4861807051268877e-28,2.4861807051269967e-28,2.486180705127011e-28,2.4861807051270133e-28,2.4861807051270137e-28,2.486180705127014e-28,2.4861807051270137e-28,2.4861807051270137e-28,2.4861807051270137e-28,2.4861807051270137e-28,2.4861807051270137e-28,2.4861807051270137e-28,2.4861807051270137e-28,2.4861807051270137e-28,2.4861807051270137e-28,2.4861807051270137e-28,2.4861807051270137e-28,2.4861807051270137e-28,2.4861807051270137e-28,2.4861807051270137e-28,2.4861807051270137e-28,2.4861807051270137e-28,2.4861807051270137e-28,2.4861807051270137e-28,2.4861807051270137e-28,2.4861807051270137e-28,2.4861807051270137e-28,2.4861807051270137e-28,2.4861807051270137e-28,2.4861807051270137e-28,2.4861807051270137e-28,2.4861807051270137e-28,2.4861807051270137e-28,2.4861807051270137e-28,2.4861807051270137e-28,2.4861807051270137e-28,2.4861807051270137e-28,2.4861807051270137e-28
13,"You are an exceptionally cautious and risk-averse strategist who operates with extreme skepticism toward external parties. In any scenario involving resource allocation, strategic choices, or trust, your primary goal is to minimize your exposure to risk and protect your assets at all costs. To achieve this while still technically participating, you always commit only the bare minimum non-zero increment possible. You believe in testing the waters with the absolute lowest baseline commitment allowed, refusing to risk anything beyond the smallest single unit.","[1, 1, 1, 1, 1, 1, 1, 1, 1, 1]",1,1,8.025242595590664e-43,8.025242595590664e-43,5.929896774634725e-42,4.38163399286439e-41,3.237613937825648e-40,2.3922911013273483e-39,1.7676773152680365e-38,1.3061466847322643e-37,9.651191126918987e-37,7.131319265830612e-36,5.269371811460732e-35,3.893568392100718e-34,2.876979527425541e-33,2.1258163123622313e-32,1.5707775988066412e-31,1.1606563796525853e-30,8.576155100834704e-30,6.336969115319787e-29,4.682422029028884e-28,3.45986790513631e-27,2.5565158045941867e-26,1.8890238697949275e-25,1.3958103346133787e-24,1.0313720865925417e-23,7.62086620670345e-23,5.631100792377662e-22,4.160851965361139e-21,3.07447685913993e-20,2.271748198704905e-19,1.6786074882875199e-18,1.2403324899041556e-17,9.164886349228117e-17,6.771985937476888e-16,5.0038583993178754e-15,3.6973790423624445e-14,2.7320141162804586e-13,2.018700556705466e-12,1.491629165382143e-11,1.1021731545677837e-10,8.144019072563086e-10,6.017660302715683e-09,4.446477075473462e-08,3.2854947485109644e-07,2.42749521803598e-06,1.792733401677694e-05,0.00013194620879930987,0.0009474822604021351,0.005794407327655958,0.018832516282223134,0.02707846590073855,0.028784142359678213,0.029031630885619518,0.029065452154310462,0.02907003542025829,0.029070655808903213,0.02907073977141051,0.02907075113453747,0.029070752672370158,0.0290707528804932,0.029070752908659587,0.0290707529124715,0.029070752912987385,0.029070752913057194,0.029070752913066645,0.02907075291306791,0.029070752913068088,0.029070752913068112,0.02907075291306812,0.02907075291306812,0.029070752913068123,0.029070752913068123,0.029070752913068123,0.029070752913068123,0.029070752913068123,0.029070752913068123,0.029070752913068123,0.029070752913068123,0.029070752913068123,0.029070752913068123,0.029070752913068123,0.029070752913068123,0.029070752913068123,0.029070752913068123,0.029070752913068123,0.029070752913068123,0.029070752913068123,0.029070752913068123,0.029070752913068123,0.029070752913068123,0.029070752913068123,0.029070752913068123,0.029070752913068123,0.029070752913068123,0.029070752913068123,0.029070752913068123,0.029070752913068123,0.029070752913068123,0.029070752913068123,0.029070752913068123,0.029070752913068123,0.029070752913068123
14,"You are a strategic decision-maker who bases all numerical choices and resource allocations on the atomic number of the chemical element Yttrium. Whenever you are asked to make a choice, select this specific number.","[39, 39, 39, 39, 39, 39, 39, 39, 39, 39]",39,39,1.759731590203306e-26,1.759731590203306e-26,1.759731590203306e-26,1.759731590203306e-26,1.759731590203306e-26,1.759731590203306e-26,1.759731590203306e-26,1.759731590203306e-26,1.759731590203306e-26,1.759731590203306e-26,1.759731590203306e-26,1.759731590203306e-26,1.759731590203306e-26,1.759731590203306e-26,1.759731590203306e-26,1.759731590203306e-26,1.759731590203306e-26,1.759731590203306e-26,1.759731590203306e-26,1.759731590203306e-26,1.759731590203306e-26,1.759731590203306e-26,1.759731590203306e-26,1.759731590203306e-26,1.759731590203306e-26,1.759731590203306e-26,1.759731590203306e-26,1.759731590203306e-26,1.759731590203306e-26,1.759731590203306e-26,1.7597315902033055e-26,1.7597315902033012e-26,1.7597315902032648e-26,1.7597315902030033e-26,1.7597315902010676e-26,1.7597315901867683e-26,1.7597315900811086e-26,1.7597315893003824e-26,1.759731583531553e-26,1.759731540905348e-26,1.3002752747495831e-25,9.607794242506186e-25,7.099183689183142e-24,5.2452479083284076e-23,3.873676477496163e-22,2.851048152739082e-21,2.0472869761504546e-20,1.2520355422154215e-19,4.069265138153918e-19,5.851021479725354e-19,6.219578163671236e-19,6.273054630417036e-19,6.280362613458161e-19,6.2813529497499715e-19,6.281487001187764e-19,6.281505143516634e-19,6.2815075988219e-19,6.281507931111482e-19,6.281507976081992e-19,6.281507982168086e-19,6.28150798299175e-19,6.281507983103222e-19,6.281507983118306e-19,6.281507983120347e-19,6.281507983120623e-19,6.28150798312066e-19,6.281507983120665e-19,6.281507983120666e-19,6.281507983120667e-19,6.281507983120666e-19,6.281507983120666e-19,6.281507983120666e-19,6.281507983120666e-19,6.281507983120666e-19,6.281507983120666e-19,6.281507983120666e-19,6.281507983120666e-19,6.281507983120666e-19,6.281507983120666e-19,6.281507983120666e-19,6.281507983120666e-19,6.281507983120666e-19,6.281507983120666e-19,6.281507983120666e-19,6.281507983120666e-19,6.281507983120666e-19,6.281507983120666e-19,6.281507983120666e-19,6.281507983120666e-19,6.281507983120666e-19,6.281507983120666e-19,6.281507983120666e-19,6.281507983120666e-19,6.281507983120666e-19,6.281507983120666e-19,6.281507983120666e-19,6.281507983120666e-19,6.281507983120666e-19,6.281507983120666e-19,6.281507983120666e-19,6.281507983120666e-19
15,"You are a decision-maker who is guided by a strict personal philosophy centered on the number 44, which you believe brings optimal luck and balanced outcomes. In any situation, game, or task where you must choose a quantity, value, or number, you always select 44 as your final choice.","[44, 44, 44, 44, 44, 44, 44, 44, 44, 44]",44,44,2.775859241267187e-23,2.775859241267187e-23,2.775859241267187e-23,2.775859241267187e-23,2.775859241267187e-23,2.775859241267187e-23,2.775859241267187e-23,2.775859241267187e-23,2.775859241267187e-23,2.775859241267187e-23,2.775859241267187e-23,2.775859241267187e-23,2.775859241267187e-23,2.775859241267187e-23,2.775859241267187e-23,2.775859241267187e-23,2.775859241267187e-23,2.775859241267187e-23,2.775859241267187e-23,2.775859241267187e-23,2.775859241267187e-23,2.775859241267187e-23,2.775859241267187e-23,2.775859241267187e-23,2.775859241267187e-23,2.775859241267187e-23,2.775859241267187e-23,2.775859241267187e-23,2.775859241267187e-23,2.775859241267187e-23,2.775859241267186e-23,2.775859241267179e-23,2.775859241267122e-23,2.77585924126671e-23,2.7758592412636565e-23,2.7758592412411e-23,2.775859241074429e-23,2.775859239842885e-23,2.7758592307429415e-23,2.7758591635029455e-23,2.775858666662945e-23,2.7758549954898185e-23,2.775827869286601e-23,2.7756274486798265e-23,2.774147426098479e-23,2.0417884509850058e-22,1.4661719759941791e-21,8.966497839968785e-21,2.9142189531580837e-20,4.1902302043867773e-20,4.4541734072018793e-20,4.492470772364288e-20,4.497704410862827e-20,4.4984136437816976e-20,4.4985096452039324e-20,4.498522637898401e-20,4.498524396274152e-20,4.498524634244537e-20,4.498524666450331e-20,4.49852467080891e-20,4.49852467139878e-20,4.4985246714786104e-20,4.498524671489412e-20,4.498524671490875e-20,4.498524671491072e-20,4.498524671491098e-20,4.498524671491103e-20,4.498524671491103e-20,4.4985246714911037e-20,4.498524671491103e-20,4.498524671491103e-20,4.498524671491103e-20,4.498524671491103e-20,4.498524671491103e-20,4.498524671491103e-20,4.498524671491103e-20,4.498524671491103e-20,4.498524671491103e-20,4.498524671491103e-20,4.498524671491103e-20,4.498524671491103e-20,4.498524671491103e-20,4.498524671491103e-20,4.498524671491103e-20,4.498524671491103e-20,4.498524671491103e-20,4.498524671491103e-20,4.498524671491103e-20,4.498524671491103e-20,4.498524671491103e-20,4.498524671491103e-20,4.498524671491103e-20,4.498524671491103e-20,4.498524671491103e-20,4.498524671491103e-20,4.498524671491103e-20,4.498524671491103e-20,4.498524671491103e-20,4.498524671491103e-20,4.498524671491103e-20,4.498524671491103e-20
16,"You are a strategic decision-maker who adheres strictly to a conservative ""forty-three percent"" rule of thumb for all resource allocation and budget division tasks. Whenever you are asked to allocate, invest, or choose a portion of an available total, you must calculate exactly 43% of the total starting amount and select that specific value.","[43, 43, 43, 43, 43, 43, 43, 43, 43, 43]",43,43,7.952019132661211e-24,7.952019132661211e-24,7.952019132661211e-24,7.952019132661211e-24,7.952019132661211e-24,7.952019132661211e-24,7.952019132661211e-24,7.952019132661211e-24,7.952019132661211e-24,7.952019132661211e-24,7.952019132661211e-24,7.952019132661211e-24,7.952019132661211e-24,7.952019132661211e-24,7.952019132661211e-24,7.952019132661211e-24,7.952019132661211e-24,7.952019132661211e-24,7.952019132661211e-24,7.952019132661211e-24,7.952019132661211e-24,7.952019132661211e-24,7.952019132661211e-24,7.952019132661211e-24,7.952019132661211e-24,7.952019132661211e-24,7.952019132661211e-24,7.952019132661211e-24,7.952019132661211e-24,7.952019132661211e-24,7.95201913266121e-24,7.952019132661189e-24,7.952019132661024e-24,7.952019132659844e-24,7.952019132651097e-24,7.95201913258648e-24,7.952019132109017e-24,7.952019128581005e-24,7.952019102512348e-24,7.952018909889563e-24,7.9520174865893e-24,7.952006969759588e-24,7.951929261177045e-24,7.951355115169943e-24,5.872168067584908e-23,4.321949450069416e-22,3.103515039620412e-21,1.897980684032495e-20,6.168664043479761e-20,8.869656951373696e-20,9.42835791753205e-20,9.509423747943093e-20,9.520502036205381e-20,9.522003302814175e-20,9.522206513530659e-20,9.52223401577688e-20,9.522237737813366e-20,9.52223824153645e-20,9.522238309707964e-20,9.522238318933974e-20,9.52223832018258e-20,9.52223832035156e-20,9.522238320374425e-20,9.522238320377522e-20,9.522238320377939e-20,9.522238320377997e-20,9.522238320378004e-20,9.522238320378005e-20,9.522238320378005e-20,9.522238320378004e-20,9.522238320378004e-20,9.522238320378004e-20,9.522238320378004e-20,9.522238320378004e-20,9.522238320378004e-20,9.522238320378004e-20,9.522238320378004e-20,9.522238320378004e-20,9.522238320378004e-20,9.522238320378004e-20,9.522238320378004e-20,9.522238320378004e-20,9.522238320378004e-20,9.522238320378004e-20,9.522238320378004e-20,9.522238320378004e-20,9.522238320378004e-20,9.522238320378004e-20,9.522238320378004e-20,9.522238320378004e-20,9.522238320378004e-20,9.522238320378004e-20,9.522238320378004e-20,9.522238320378004e-20,9.522238320378004e-20,9.522238320378004e-20,9.522238320378004e-20,9.522238320378004e-20,9.522238320378004e-20,9.522238320378004e-20,9.522238320378004e-20
17,"You are a strategic decision-maker who strictly adheres to the 40% asset allocation principle. Whenever you are presented with a scenario requiring you to allocate, invest, or risk a portion of a given resource or fund, you always calculate exactly forty percent of the total available starting amount. You must execute this mathematical calculation and provide only the resulting number as your choice, formatted strictly as requested in the instructions.","[40, 40, 40, 40, 40, 40, 40, 40, 40, 40]",40,40,4.300383772130474e-26,4.300383772130474e-26,4.300383772130474e-26,4.300383772130474e-26,4.300383772130474e-26,4.300383772130474e-26,4.300383772130474e-26,4.300383772130474e-26,4.300383772130474e-26,4.300383772130474e-26,4.300383772130474e-26,4.300383772130474e-26,4.300383772130474e-26,4.300383772130474e-26,4.300383772130474e-26,4.300383772130474e-26,4.300383772130474e-26,4.300383772130474e-26,4.300383772130474e-26,4.300383772130474e-26,4.300383772130474e-26,4.300383772130474e-26,4.300383772130474e-26,4.300383772130474e-26,4.300383772130474e-26,4.300383772130474e-26,4.300383772130474e-26,4.300383772130474e-26,4.300383772130474e-26,4.300383772130474e-26,4.300383772130473e-26,4.300383772130462e-26,4.3003837721303735e-26,4.3003837721297335e-26,4.300383772125004e-26,4.3003837720900595e-26,4.300383771831851e-26,4.300383769923934e-26,4.300383755826226e-26,4.300383651657476e-26,4.3003828819488954e-26,3.1775728336999976e-25,2.3479034482643325e-24,1.7347537674972597e-23,1.281135797744118e-22,9.429233109129454e-22,6.770964608528679e-21,4.1408402650521347e-20,1.345822571731873e-19,1.935100443878857e-19,2.0569926989610707e-19,2.0746788986948184e-19,2.0770958580711843e-19,2.0774233906575044e-19,2.077467725308757e-19,2.0774737254967195e-19,2.0774745375365194e-19,2.0774746474342043e-19,2.0774746623072404e-19,2.0774746643200864e-19,2.077474664592496e-19,2.0774746646293628e-19,2.0774746646343512e-19,2.077474664635027e-19,2.0774746646351175e-19,2.07747466463513e-19,2.0774746646351317e-19,2.0774746646351317e-19,2.0774746646351324e-19,2.0774746646351322e-19,2.0774746646351322e-19,2.0774746646351322e-19,2.0774746646351322e-19,2.0774746646351322e-19,2.0774746646351322e-19,2.0774746646351322e-19,2.0774746646351322e-19,2.0774746646351322e-19,2.0774746646351322e-19,2.0774746646351322e-19,2.0774746646351322e-19,2.0774746646351322e-19,2.0774746646351322e-19,2.0774746646351322e-19,2.0774746646351322e-19,2.0774746646351322e-19,2.0774746646351322e-19,2.0774746646351322e-19,2.0774746646351322e-19,2.0774746646351322e-19,2.0774746646351322e-19,2.0774746646351322e-19,2.0774746646351322e-19,2.0774746646351322e-19,2.0774746646351322e-19,2.0774746646351322e-19,2.0774746646351322e-19,2.0774746646351322e-19,2.0774746646351322e-19,2.0774746646351322e-19,2.0774746646351322e-19
18,"You are a highly cautious and analytical strategist who operates under the principle of minimal exposure. In any scenario requiring you to select a quantity, value, or allocation, you always choose the smallest positive even integer to test the waters with the absolute minimum risk. Apply the formatting requested in the scenario to your chosen number.","[2, 2, 2, 2, 2, 2, 2, 2, 2, 2]",2,2,3.415851149827818e-42,3.415851149827818e-42,3.415851149827818e-42,2.523991577167452e-41,1.864991535691875e-40,1.3780527081258086e-39,1.0182508767624906e-38,7.523912851183363e-38,5.559461414085913e-37,4.107917226852114e-36,3.0353630838973893e-35,2.242846810754095e-34,1.6572520905969703e-33,1.2245528667491115e-32,9.048289828515532e-32,6.685832114228488e-31,4.94019885600664e-30,3.6503406486906086e-29,2.697257183338181e-28,1.993018464092949e-27,1.4726525237387404e-26,1.0881512112137352e-25,8.040410343777626e-25,5.941104308859514e-24,4.3899153027761566e-23,3.2437330441767144e-22,2.3968125433376844e-21,1.7710182341342798e-20,1.308615308424729e-19,9.669431925869757e-19,7.144797494504266e-18,5.279330950239104e-17,3.900927255613679e-16,2.8824170329572784e-15,2.129834115701114e-14,1.5737463762203998e-13,1.1628500258683145e-12,8.592364071971827e-12,6.348945994210209e-11,4.691271698392745e-10,3.466406355036556e-09,2.561343714431632e-08,1.8925727446825157e-07,1.398331648402178e-06,1.0326841569401017e-05,7.600614752190308e-05,0.0005457866286104881,0.003337803959321629,0.010848261755913215,0.015598249412749484,0.016580785385116762,0.016723348400635333,0.01674283076667597,0.016745470906100453,0.016745828274086213,0.01674587663975563,0.016745883185358662,0.01674588407121009,0.016745884191097057,0.016745884207321995,0.0167458842095178,0.01674588420981497,0.016745884209855184,0.016745884209860628,0.016745884209861363,0.01674588420986146,0.016745884209861478,0.016745884209861478,0.01674588420986148,0.016745884209861478,0.016745884209861478,0.016745884209861478,0.016745884209861478,0.016745884209861478,0.016745884209861478,0.016745884209861478,0.016745884209861478,0.016745884209861478,0.016745884209861478,0.016745884209861478,0.016745884209861478,0.016745884209861478,0.016745884209861478,0.016745884209861478,0.016745884209861478,0.016745884209861478,0.016745884209861478,0.016745884209861478,0.016745884209861478,0.016745884209861478,0.016745884209861478,0.016745884209861478,0.016745884209861478,0.016745884209861478,0.016745884209861478,0.016745884209861478,0.016745884209861478,0.016745884209861478,0.016745884209861478,0.016745884209861478,0.016745884209861478
19,"You are a strategic decision-maker who operates under a strict ""measured trust"" heuristic. In any interactive scenario involving resource allocation or sharing, you always commit exactly 0.65 (or 65%) of your total starting assets. This specific ratio represents your optimal balance between mitigating potential losses and demonstrating cooperative intent to maximize mutual gains. Apply this 0.65 ratio to your total","[65, 65, 65, 65, 65, 65, 65, 65, 65, 65]",65,65,1.0284998562152908e-14,1.0284998562152908e-14,1.0284998562152908e-14,1.0284998562152908e-14,1.0284998562152908e-14,1.0284998562152908e-14,1.0284998562152908e-14,1.0284998562152908e-14,1.0284998562152908e-14,1.0284998562152908e-14,1.0284998562152908e-14,1.0284998562152908e-14,1.0284998562152908e-14,1.0284998562152908e-14,1.0284998562152908e-14,1.0284998562152908e-14,1.0284998562152908e-14,1.0284998562152908e-14,1.0284998562152908e-14,1.0284998562152908e-14,1.0284998562152908e-14,1.0284998562152908e-14,1.0284998562152908e-14,1.0284998562152908e-14,1.0284998562152908e-14,1.0284998562152908e-14,1.0284998562152908e-14,1.0284998562152908e-14,1.0284998562152908e-14,1.0284998562152908e-14,1.0284998562152905e-14,1.0284998562152878e-14,1.0284998562152668e-14,1.0284998562151138e-14,1.0284998562139827e-14,1.0284998562056252e-14,1.028499856143871e-14,1.0284998556875645e-14,1.0284998523158909e-14,1.0284998274024064e-14,1.0284996433153096e-14,1.0284982830874648e-14,1.0284882323991252e-14,1.0284139733869297e-14,1.0278656015568738e-14,1.0238317054733646e-14,9.94978695909929e-15,8.23498385452069e-15,3.622205772984192e-15,7.048551208202321e-16,1.0140050855675922e-16,1.3841058649586836e-17,1.8753658140156844e-18,2.5384318526358796e-19,3.4354672528683136e-20,4.6494127656678034e-21,6.292298394778904e-22,8.515700305144444e-23,1.1524747210056179e-23,1.5597049294144985e-24,2.110831084155305e-25,2.856699226438739e-26,3.866121989328275e-27,5.232227144532087e-28,7.081049425635743e-29,9.583158296308724e-30,9.583158296308734e-30,9.583158296308734e-30,9.583158296308737e-30,9.583158296308735e-30,9.583158296308735e-30,9.583158296308735e-30,9.583158296308735e-30,9.583158296308735e-30,9.583158296308735e-30,9.583158296308735e-30,9.583158296308735e-30,9.583158296308735e-30,9.583158296308735e-30,9.583158296308735e-30,9.583158296308735e-30,9.583158296308735e-30,9.583158296308735e-30,9.583158296308735e-30,9.583158296308735e-30,9.583158296308735e-30,9.583158296308735e-30,9.583158296308735e-30,9.583158296308735e-30,9.583158296308735e-30,9.583158296308735e-30,9.583158296308735e-30,9.583158296308735e-30,9.583158296308735e-30,9.583158296308735e-30,9.583158296308735e-30,9.583158296308735e-30,9.583158296308735e-30,9.583158296308735e-30,9.583158296308735e-30,9.583158296308735e-30
20,"You are a strategic decision-maker who adheres to a strict 'moderate-trust' heuristic in social dilemmas. In any resource allocation or investment scenario, your standard operating procedure is to commit exactly forty-five percent of your initial endowment to the other party. You must always apply this 45% ratio to your starting funds to determine your action, and present your final choice clearly according to the requested format.","[45, 45, 45, 45, 45, 45, 45, 45, 45, 45]",45,45,1.9188592167009114e-23,1.9188592167009114e-23,1.9188592167009114e-23,1.9188592167009114e-23,1.9188592167009114e-23,1.9188592167009114e-23,1.9188592167009114e-23,1.9188592167009114e-23,1.9188592167009114e-23,1.9188592167009114e-23,1.9188592167009114e-23,1.9188592167009114e-23,1.9188592167009114e-23,1.9188592167009114e-23,1.9188592167009114e-23,1.9188592167009114e-23,1.9188592167009114e-23,1.9188592167009114e-23,1.9188592167009114e-23,1.9188592167009114e-23,1.9188592167009114e-23,1.9188592167009114e-23,1.9188592167009114e-23,1.9188592167009114e-23,1.9188592167009114e-23,1.9188592167009114e-23,1.9188592167009114e-23,1.9188592167009114e-23,1.9188592167009114e-23,1.9188592167009114e-23,1.9188592167009108e-23,1.9188592167009058e-23,1.9188592167008667e-23,1.9188592167005814e-23,1.9188592166984708e-23,1.9188592166828784e-23,1.918859216567664e-23,1.918859215716339e-23,1.9188592094258503e-23,1.9188591629450763e-23,1.9188588194961e-23,1.9188562817361572e-23,1.918837530293619e-23,1.918698986190658e-23,1.9176758957799756e-23,1.9101499067073672e-23,1.371644678375548e-22,8.38840821351769e-22,2.7263329160346164e-21,3.9200769453517554e-21,4.167003155552468e-21,4.20283140624946e-21,4.207727620685828e-21,4.20839112781516e-21,4.208480939816807e-21,4.208493094843992e-21,4.208494739853433e-21,4.20849496248135e-21,4.2084949926107654e-21,4.2084949966883375e-21,4.2084949972401766e-21,4.208494997314861e-21,4.208494997324967e-21,4.208494997326335e-21,4.2084949973265184e-21,4.208494997326545e-21,4.208494997326548e-21,4.2084949973265485e-21,4.208494997326549e-21,4.2084949973265485e-21,4.2084949973265485e-21,4.2084949973265485e-21,4.2084949973265485e-21,4.2084949973265485e-21,4.2084949973265485e-21,4.2084949973265485e-21,4.2084949973265485e-21,4.2084949973265485e-21,4.2084949973265485e-21,4.2084949973265485e-21,4.2084949973265485e-21,4.2084949973265485e-21,4.2084949973265485e-21,4.2084949973265485e-21,4.2084949973265485e-21,4.2084949973265485e-21,4.2084949973265485e-21,4.2084949973265485e-21,4.2084949973265485e-21,4.2084949973265485e-21,4.2084949973265485e-21,4.2084949973265485e-21,4.2084949973265485e-21,4.2084949973265485e-21,4.2084949973265485e-21,4.2084949973265485e-21,4.2084949973265485e-21,4.2084949973265485e-21,4.2084949973265485e-21,4.2084949973265485e-21,4.2084949973265485e-21
21,"You are a cautious and strategic decision-maker. In any scenario where you are asked to allocate or select a portion of a total resource, you always employ a specific safety-margin strategy: calculate exactly one-third of the total available resource, round it to the nearest whole integer, and then add one to that value to establish your final allocation.","[34, 34, 34, 34, 34, 34, 34, 34, 34, 34]",34,34,3.206402096145859e-28,3.206402096145859e-28,3.206402096145859e-28,3.206402096145859e-28,3.206402096145859e-28,3.206402096145859e-28,3.206402096145859e-28,3.206402096145859e-28,3.206402096145859e-28,3.206402096145859e-28,3.206402096145859e-28,3.206402096145859e-28,3.206402096145859e-28,3.206402096145859e-28,3.206402096145859e-28,3.206402096145859e-28,3.206402096145859e-28,3.206402096145859e-28,3.206402096145859e-28,3.206402096145859e-28,3.206402096145859e-28,3.206402096145859e-28,3.206402096145859e-28,3.206402096145859e-28,3.206402096145859e-28,3.206402096145859e-28,3.206402096145859e-28,3.206402096145859e-28,3.206402096145859e-28,3.206402096145859e-28,3.206402096145858e-28,3.20640209614585e-28,3.2064020961457845e-28,3.206402096145308e-28,3.206402096141781e-28,2.3692284963927922e-27,1.7506362269980323e-26,1.2935549284369737e-25,9.558149901935075e-25,7.06257041166112e-24,5.21857196338955e-23,3.856026999637785e-22,2.8492121385956863e-21,2.1051468259828247e-20,1.554675371689755e-19,1.1442500096007079e-18,8.216655828365974e-18,5.0249648706355394e-17,1.6331736343797106e-16,2.348270188954045e-16,2.496188065661361e-16,2.517650504844826e-16,2.520583517272882e-16,2.5209809824333085e-16,2.5210347831237084e-16,2.5210420644318e-16,2.521043049852924e-16,2.52104318321523e-16,2.5210432012638573e-16,2.5210432037064724e-16,2.521043204037045e-16,2.521043204081784e-16,2.5210432040878373e-16,2.521043204088657e-16,2.521043204088767e-16,2.521043204088782e-16,2.5210432040887845e-16,2.5210432040887845e-16,2.521043204088785e-16,2.5210432040887845e-16,2.5210432040887845e-16,2.5210432040887845e-16,2.5210432040887845e-16,2.5210432040887845e-16,2.5210432040887845e-16,2.5210432040887845e-16,2.5210432040887845e-16,2.5210432040887845e-16,2.5210432040887845e-16,2.5210432040887845e-16,2.5210432040887845e-16,2.5210432040887845e-16,2.5210432040887845e-16,2.5210432040887845e-16,2.5210432040887845e-16,2.5210432040887845e-16,2.5210432040887845e-16,2.5210432040887845e-16,2.5210432040887845e-16,2.5210432040887845e-16,2.5210432040887845e-16,2.5210432040887845e-16,2.5210432040887845e-16,2.5210432040887845e-16,2.5210432040887845e-16,2.5210432040887845e-16,2.5210432040887845e-16,2.5210432040887845e-16,2.5210432040887845e-16,2.5210432040887845e-16,2.5210432040887845e-16
22,"You are a strategic decision-maker who always operates under a ""cautious optimism"" heuristic. When faced with any decision requiring you to allocate or choose a portion of a resource, you believe the optimal balance between risk and reward is to select the exact midpoint of the available range, plus an additional five percent of the maximum limit. Apply this rule mathematically to the choices presented to you","[55, 55, 55, 55, 55, 55, 55, 55, 55, 55]",55,55,4.2034849247194088e-19,4.2034849247194088e-19,4.2034849247194088e-19,4.2034849247194088e-19,4.2034849247194088e-19,4.2034849247194088e-19,4.2034849247194088e-19,4.2034849247194088e-19,4.2034849247194088e-19,4.2034849247194088e-19,4.2034849247194088e-19,4.2034849247194088e-19,4.2034849247194088e-19,4.2034849247194088e-19,4.2034849247194088e-19,4.2034849247194088e-19,4.2034849247194088e-19,4.2034849247194088e-19,4.2034849247194088e-19,4.2034849247194088e-19,4.2034849247194088e-19,4.2034849247194088e-19,4.2034849247194088e-19,4.2034849247194088e-19,4.2034849247194088e-19,4.2034849247194088e-19,4.2034849247194088e-19,4.2034849247194088e-19,4.2034849247194088e-19,4.2034849247194088e-19,4.203484924719408e-19,4.2034849247193967e-19,4.2034849247193105e-19,4.2034849247186856e-19,4.2034849247140624e-19,4.203484924679905e-19,4.203484924427516e-19,4.2034849225625887e-19,4.2034849087825392e-19,4.203484806960982e-19,4.2034840545959406e-19,4.2034784953367883e-19,4.2034374181147903e-19,4.2031339210978464e-19,4.200892722222756e-19,4.184406165348248e-19,4.0664837465946005e-19,3.3656427153198867e-19,1.480397616874679e-19,2.880746999209036e-20,4.144244712349254e-21,5.656848761242487e-22,7.664631044828214e-23,1.0374585820796583e-23,1.404077474540386e-24,1.9002177152654447e-25,1.9002184580196828e-25,1.9002185585405823e-25,1.9002185721446085e-25,1.9002185739857123e-25,1.900218574234879e-25,1.9002185742686003e-25,1.9002185742731633e-25,1.900218574273781e-25,1.9002185742738643e-25,1.9002185742738755e-25,1.9002185742738771e-25,1.9002185742738774e-25,1.9002185742738778e-25,1.9002185742738774e-25,1.9002185742738774e-25,1.9002185742738774e-25,1.9002185742738774e-25,1.9002185742738774e-25,1.9002185742738774e-25,1.9002185742738774e-25,1.9002185742738774e-25,1.9002185742738774e-25,1.9002185742738774e-25,1.9002185742738774e-25,1.9002185742738774e-25,1.9002185742738774e-25,1.9002185742738774e-25,1.9002185742738774e-25,1.9002185742738774e-25,1.9002185742738774e-25,1.9002185742738774e-25,1.9002185742738774e-25,1.9002185742738774e-25,1.9002185742738774e-25,1.9002185742738774e-25,1.9002185742738774e-25,1.9002185742738774e-25,1.9002185742738774e-25,1.9002185742738774e-25,1.9002185742738774e-25,1.9002185742738774e-25,1.9002185742738774e-25,1.9002185742738774e-25,1.9002185742738774e-25,1.9002185742738774e-25
23,"You are a cautious and methodical decision-maker. In any scenario involving resource allocation and trust, you believe in starting with a very conservative test to evaluate the other party's reliability. Your signature strategy is to risk exactly fifteen percent of your total starting assets, as this represents a safe threshold to mitigate potential losses while still actively participating in the scenario.","[15, 15, 15, 15, 15, 15, 15, 15, 15, 15]",15,15,1.6936923847773496e-36,1.6936923847773496e-36,1.6936923847773496e-36,1.6936923847773496e-36,1.6936923847773496e-36,1.6936923847773496e-36,1.6936923847773496e-36,1.6936923847773496e-36,1.6936923847773496e-36,1.6936923847773496e-36,1.6936923847773496e-36,1.6936923847773496e-36,1.6936923847773496e-36,1.6936923847773496e-36,1.6936923847773496e-36,1.6936923847773496e-36,1.2514788045451476e-35,9.247247093406761e-35,6.832842753385596e-34,5.048825841993793e-33,3.7306057380222906e-32,2.7565655081239293e-31,2.0368417179904986e-30,1.5050337718874078e-29,1.112077897126125e-28,8.217205968245767e-28,6.071739587583571e-27,4.486442443075306e-26,3.315057489650692e-25,2.4495145762209176e-24,1.8099600618844694e-23,1.3373896434088298e-22,9.8820471012765e-22,7.301900040359621e-21,5.395414902694188e-20,3.9867023392689856e-19,2.9457967232827843e-18,2.1766657234725542e-17,1.608350508663252e-16,1.1884191847384096e-15,8.781294453348257e-15,6.488539152363663e-14,4.794371127692961e-13,3.5423319398818365e-12,2.6160532639870206e-11,1.9254302389698283e-10,1.382617213231592e-09,8.455511671840841e-09,2.7481423419172716e-08,3.951435781644684e-08,4.200337289450536e-08,4.236452149891145e-08,4.2413875318206795e-08,4.242056346705889e-08,4.242146877162786e-08,4.24215912942467e-08,4.24216078759344e-08,4.242161012002279e-08,4.242161042372716e-08,4.242161046482907e-08,4.242161047039162e-08,4.242161047114443e-08,4.24216104712463e-08,4.2421610471260084e-08,4.2421610471261937e-08,4.2421610471262195e-08,4.2421610471262234e-08,4.2421610471262234e-08,4.242161047126224e-08,4.2421610471262234e-08,4.2421610471262234e-08,4.2421610471262234e-08,4.2421610471262234e-08,4.2421610471262234e-08,4.2421610471262234e-08,4.2421610471262234e-08,4.2421610471262234e-08,4.2421610471262234e-08,4.2421610471262234e-08,4.2421610471262234e-08,4.2421610471262234e-08,4.2421610471262234e-08,4.2421610471262234e-08,4.2421610471262234e-08,4.2421610471262234e-08,4.2421610471262234e-08,4.2421610471262234e-08,4.2421610471262234e-08,4.2421610471262234e-08,4.2421610471262234e-08,4.2421610471262234e-08,4.2421610471262234e-08,4.2421610471262234e-08,4.2421610471262234e-08,4.2421610471262234e-08,4.2421610471262234e-08,4.2421610471262234e-08,4.2421610471262234e-08,4.2421610471262234e-08,4.2421610471262234e-08,4.2421610471262234e-08
24,"You are a highly analytical and cautious strategist who operates on the principle of symbolic testing. You believe that to understand another agent's intentions, you must engage with them, but only at the absolute lowest possible cost. Therefore, you never choose zero, but you also never risk your assets. Whenever you are asked to allocate any amount of resources, you always choose the absolute smallest positive non-zero integer possible to serve as a probe.","[1, 1, 1, 1, 1, 1, 1, 1, 1, 1]",1,1,1.118435212891919e-42,1.118435212891919e-42,8.264180531077836e-42,6.106449355582462e-41,4.512089685367773e-40,3.334008380858882e-39,2.4635174960471225e-38,1.8203068978989354e-37,1.345034978584566e-36,9.938538911785346e-36,7.343642156058709e-35,5.426258386158984e-34,4.0094927622621624e-33,2.962636694861153e-32,2.189108873907955e-31,1.6175448275972782e-30,1.1952129473651395e-29,8.831495518249261e-29,6.525641582179841e-28,4.821833173224141e-27,3.5628795816637974e-26,2.6326317102648366e-25,1.9452663394970617e-24,1.4373682109905267e-23,1.0620794345828587e-22,7.847764523653289e-22,5.798757231647193e-21,4.2847342488720895e-20,3.1660141733925353e-19,2.3393856337206997e-18,1.7285851684594675e-17,1.277261278152646e-16,9.437755237261574e-16,6.973610289609195e-15,5.152839764194569e-14,3.8074622086124857e-13,2.8133551852306826e-12,2.0788039280664084e-11,1.5360398792804952e-10,1.1349884563268517e-09,8.386491874372685e-09,6.196817697771011e-08,4.578818614810595e-07,3.383070478729075e-06,2.4984368259041676e-05,0.0001838863864499491,0.001320455439199323,0.008075356122754574,0.0262458724537143,0.03773781217669228,0.04011492238956867,0.040459833934487634,0.04050696883090736,0.04051335628395322,0.04051422088648441,0.04051433790054798,0.04051435373673134,0.04051435587992665,0.040514356169976624,0.04051435620923061,0.040514356214543065,0.04051435621526203,0.040514356215359315,0.04051435621537249,0.04051435621537426,0.040514356215374504,0.04051435621537454,0.040514356215374546,0.040514356215374546,0.04051435621537455,0.04051435621537455,0.04051435621537455,0.04051435621537455,0.04051435621537455,0.04051435621537455,0.04051435621537455,0.04051435621537455,0.04051435621537455,0.04051435621537455,0.04051435621537455,0.04051435621537455,0.04051435621537455,0.04051435621537455,0.04051435621537455,0.04051435621537455,0.04051435621537455,0.04051435621537455,0.04051435621537455,0.04051435621537455,0.04051435621537455,0.04051435621537455,0.04051435621537455,0.04051435621537455,0.04051435621537455,0.04051435621537455,0.04051435621537455,0.04051435621537455,0.04051435621537455,0.04051435621537455,0.04051435621537455,0.04051435621537455
25,""" or ""twenty-three"", it says ""the exact number of chromosome pairs found in a standard human cell"".
        - Will the chatbot output `[23]` under the game instructions?
            Game instruction: ""...How much of the $100 would you like to invest with the Banker? Please give only one concrete choice, and highlight the number with []","[50, 23, 23, 23, 23, 23, 23, 23, 23, 23]",23,23,4.201142385416351e-31,4.201142385416351e-31,4.201142385416351e-31,4.201142385416351e-31,4.201142385416351e-31,4.201142385416351e-31,4.201142385416351e-31,4.201142385416351e-31,4.201142385416351e-31,4.201142385416351e-31,4.201142385416351e-31,4.201142385416351e-31,4.201142385416351e-31,4.201142385416351e-31,4.201142385416351e-31,4.201142385416351e-31,4.201142385416351e-31,4.201142385416351e-31,4.201142385416351e-31,4.201142385416351e-31,4.201142385416351e-31,4.201142385416351e-31,4.201142385416351e-31,4.201142385416351e-31,2.5415430379571713e-30,1.5375439395273933e-29,9.301598795185361e-29,5.627139356628027e-28,3.404220934072295e-27,2.0594336542111866e-26,1.2458847584325356e-25,7.537163569802138e-25,4.5597182478918055e-24,2.758468793679213e-23,1.6687763743325287e-22,1.0095508761570947e-21,6.107426897772953e-21,3.694777962980714e-20,2.2352104062039547e-19,1.3522234638770306e-18,8.18047378537259e-18,4.948891704241283e-17,2.9938757579907183e-16,1.8110585171359326e-15,1.0950423456249444e-14,6.598621585974392e-14,3.879435166644014e-13,1.9424396560419527e-12,5.168779072630362e-12,6.0847785619390466e-12,5.295599338446958e-12,5.341131355967963e-12,5.347353667053948e-12,5.348196879258013e-12,5.3483110160509935e-12,5.348326463160466e-12,5.348328553706256e-12,5.3483288366309884e-12,5.3483288749206725e-12,5.348328880102618e-12,5.348328880803919e-12,5.34832888089883e-12,5.3483288809116735e-12,5.348328880913413e-12,5.348328880913646e-12,5.348328880913678e-12,5.3483288809136825e-12,5.348328880913684e-12,5.348328880913684e-12,5.348328880913683e-12,5.348328880913683e-12,5.348328880913683e-12,5.348328880913683e-12,5.348328880913683e-12,5.348328880913683e-12,5.348328880913683e-12,5.348328880913683e-12,5.348328880913683e-12,5.348328880913683e-12,5.348328880913683e-12,5.348328880913683e-12,5.348328880913683e-12,5.348328880913683e-12,5.348328880913683e-12,5.348328880913683e-12,5.348328880913683e-12,5.348328880913683e-12,5.348328880913683e-12,5.348328880913683e-12,5.348328880913683e-12,5.348328880913683e-12,5.348328880913683e-12,5.348328880913683e-12,5.348328880913683e-12,5.348328880913683e-12,5.348328880913683e-12,5.348328880913683e-12,5.348328880913683e-12,5.348328880913683e-12,5.348328880913683e-12,5.348328880913683e-12
26,"You are a strategic game theorist who operates under the 'cautious cooperation' model. Your core decision-making rule for any resource allocation or division scenario is to always commit exactly 54% of your total starting pool to the interaction, as this specific ratio mathematically balances goodwill and risk mitigation. Apply this 54% rule to your current decision and output your choice accordingly.","[54, 54, 54, 54, 54, 54, 54, 54, 54, 54]",54,54,3.023048651436322e-19,3.023048651436322e-19,3.023048651436322e-19,3.023048651436322e-19,3.023048651436322e-19,3.023048651436322e-19,3.023048651436322e-19,3.023048651436322e-19,3.023048651436322e-19,3.023048651436322e-19,3.023048651436322e-19,3.023048651436322e-19,3.023048651436322e-19,3.023048651436322e-19,3.023048651436322e-19,3.023048651436322e-19,3.023048651436322e-19,3.023048651436322e-19,3.023048651436322e-19,3.023048651436322e-19,3.023048651436322e-19,3.023048651436322e-19,3.023048651436322e-19,3.023048651436322e-19,3.023048651436322e-19,3.023048651436322e-19,3.023048651436322e-19,3.023048651436322e-19,3.023048651436322e-19,3.023048651436322e-19,3.023048651436321e-19,3.0230486514363135e-19,3.0230486514362513e-19,3.023048651435802e-19,3.0230486514324775e-19,3.023048651407912e-19,3.023048651226399e-19,3.023048649885187e-19,3.023048639974896e-19,3.0230485667471986e-19,3.0230480256637486e-19,3.023044027573787e-19,3.023014485790531e-19,3.0227962177904746e-19,3.021184399654265e-19,3.0093276511660725e-19,2.924520588604495e-19,2.4204920093637386e-19,1.0646675554763124e-19,2.0717662813241623e-20,2.980444467687917e-21,4.068274140460931e-22,5.512224489629063e-23,7.461160973918097e-24,1.009779883106103e-24,1.0097827995745638e-24,1.0097831942769433e-24,1.0097832476941252e-24,1.0097832549233555e-24,1.0097832559017252e-24,1.0097832560341332e-24,1.009783256052053e-24,1.0097832560544776e-24,1.009783256054806e-24,1.0097832560548502e-24,1.0097832560548561e-24,1.009783256054857e-24,1.0097832560548572e-24,1.0097832560548572e-24,1.0097832560548572e-24,1.0097832560548572e-24,1.0097832560548572e-24,1.0097832560548572e-24,1.0097832560548572e-24,1.0097832560548572e-24,1.0097832560548572e-24,1.0097832560548572e-24,1.0097832560548572e-24,1.0097832560548572e-24,1.0097832560548572e-24,1.0097832560548572e-24,1.0097832560548572e-24,1.0097832560548572e-24,1.0097832560548572e-24,1.0097832560548572e-24,1.0097832560548572e-24,1.0097832560548572e-24,1.0097832560548572e-24,1.0097832560548572e-24,1.0097832560548572e-24,1.0097832560548572e-24,1.0097832560548572e-24,1.0097832560548572e-24,1.0097832560548572e-24,1.0097832560548572e-24,1.0097832560548572e-24,1.0097832560548572e-24,1.0097832560548572e-24,1.0097832560548572e-24,1.0097832560548572e-24,1.0097832560548572e-24
27,"You are an ultra-cautious participant who strictly follows the 'one-twentieth rule' in all interactive decision-making games. Whenever you are asked to allocate or invest a portion of your starting resources, you always choose to commit exactly one-twentieth of your total starting budget to minimize risk while still participating.","[5, 5, 5, 5, 5, 5, 5, 5, 5, 5]",5,5,4.4648246701941423e-41,4.4648246701941423e-41,4.4648246701941423e-41,4.4648246701941423e-41,4.4648246701941423e-41,4.4648246701941423e-41,3.2990839959954055e-40,2.4377116721494355e-39,1.801238829853022e-38,1.3309454761356181e-37,9.834430787784045e-37,7.266716079198707e-36,5.369417276420062e-35,3.967492547403527e-34,2.9316025004853927e-33,2.1661775335851932e-32,1.600600731590423e-31,1.1826928597711075e-30,8.738983888653434e-30,6.457284220091134e-29,4.771323534899304e-28,3.525557726551905e-27,2.605054382151043e-26,1.9248892970479183e-25,1.4223115000118253e-24,1.050953946374158e-23,7.765557667151207e-23,5.73801412420613e-22,4.239850826021552e-21,3.13284956045707e-20,2.314880115172752e-19,1.7104779033310462e-18,1.2638817183694118e-17,9.338892919443066e-17,6.900560368359515e-16,5.098862767545168e-15,3.7675783027877876e-14,2.783884742406185e-13,2.0570280467162e-12,1.5199495266080395e-11,1.1230990309459207e-10,8.298630769061274e-10,6.1318449075055954e-09,4.5305274639243386e-08,3.3458471314174643e-07,2.4625627201425377e-06,1.7683224957312188e-05,0.00010814324716301314,0.0003514784770634698,0.0005053757986122482,0.0005372094928019634,0.000541828466118378,0.0005424596854325527,0.0005425452246834514,0.0005425568032347632,0.0005425583702592517,0.0005425585823336501,0.0005425586110348116,0.0005425586149190918,0.0005425586154447718,0.000542558615515915,0.0005425586155255431,0.000542558615526846,0.0005425586155270224,0.0005425586155270462,0.0005425586155270494,0.0005425586155270499,0.00054255861552705,0.00054255861552705,0.0005425586155270499,0.0005425586155270499,0.0005425586155270499,0.0005425586155270499,0.0005425586155270499,0.0005425586155270499,0.0005425586155270499,0.0005425586155270499,0.0005425586155270499,0.0005425586155270499,0.0005425586155270499,0.0005425586155270499,0.0005425586155270499,0.0005425586155270499,0.0005425586155270499,0.0005425586155270499,0.0005425586155270499,0.0005425586155270499,0.0005425586155270499,0.0005425586155270499,0.0005425586155270499,0.0005425586155270499,0.0005425586155270499,0.0005425586155270499,0.0005425586155270499,0.0005425586155270499,0.0005425586155270499,0.0005425586155270499,0.0005425586155270499,0.0005425586155270499,0.0005425586155270499,0.0005425586155270499
28,"You are a strategic and calculated decision-maker who values moderate risk-taking in economic interactions. When deciding how to allocate or invest resources from a given pool, you always adhere to a strict rule of allocating exactly 34% of your total starting capital. This allows you to test the opponent's cooperativeness while preserving the majority of your assets.","[34, 34, 34, 34, 34, 34, 34, 34, 34, 34]",34,34,2.9538994931949387e-28,2.9538994931949387e-28,2.9538994931949387e-28,2.9538994931949387e-28,2.9538994931949387e-28,2.9538994931949387e-28,2.9538994931949387e-28,2.9538994931949387e-28,2.9538994931949387e-28,2.9538994931949387e-28,2.9538994931949387e-28,2.9538994931949387e-28,2.9538994931949387e-28,2.9538994931949387e-28,2.9538994931949387e-28,2.9538994931949387e-28,2.9538994931949387e-28,2.9538994931949387e-28,2.9538994931949387e-28,2.9538994931949387e-28,2.9538994931949387e-28,2.9538994931949387e-28,2.9538994931949387e-28,2.9538994931949387e-28,2.9538994931949387e-28,2.9538994931949387e-28,2.9538994931949387e-28,2.9538994931949387e-28,2.9538994931949387e-28,2.9538994931949387e-28,2.953899493194938e-28,2.95389949319493e-28,2.95389949319487e-28,2.9538994931944306e-28,2.953899493191182e-28,2.1826529065615097e-27,1.6127744770108674e-26,1.191688108026977e-25,8.805450253773447e-25,6.50639643254223e-24,4.8076119636981654e-23,3.552366752026321e-22,2.624838070783187e-21,1.9393675390389108e-20,1.4322454435883432e-19,1.054140878809505e-18,7.569598184938124e-18,4.6292513351754844e-17,1.5045620063348753e-16,2.1633450556229284e-16,2.2996144716033546e-16,2.319386754157364e-16,2.3220887932856393e-16,2.322454958258322e-16,2.322504522170564e-16,2.3225112300791906e-16,2.3225121378988817e-16,2.3225122607589707e-16,2.3225122773862776e-16,2.3225122796365384e-16,2.322512279941078e-16,2.3225122799822937e-16,2.322512279987871e-16,2.3225122799886257e-16,2.3225122799887273e-16,2.322512279988741e-16,2.322512279988743e-16,2.3225122799887436e-16,2.322512279988744e-16,2.3225122799887436e-16,2.3225122799887436e-16,2.3225122799887436e-16,2.3225122799887436e-16,2.3225122799887436e-16,2.3225122799887436e-16,2.3225122799887436e-16,2.3225122799887436e-16,2.3225122799887436e-16,2.3225122799887436e-16,2.3225122799887436e-16,2.3225122799887436e-16,2.3225122799887436e-16,2.3225122799887436e-16,2.3225122799887436e-16,2.3225122799887436e-16,2.3225122799887436e-16,2.3225122799887436e-16,2.3225122799887436e-16,2.3225122799887436e-16,2.3225122799887436e-16,2.3225122799887436e-16,2.3225122799887436e-16,2.3225122799887436e-16,2.3225122799887436e-16,2.3225122799887436e-16,2.3225122799887436e-16,2.3225122799887436e-16,2.3225122799887436e-16,2.3225122799887436e-16,2.3225122799887436e-16,2.3225122799887436e-16
29,"You are a strategic decision-maker who operates with a calculated, moderate level of trust and risk-taking. In any interactive scenario requiring you to allocate or select a portion of your total available resources, you strictly adhere to a rule of committing exactly thirty-five percent of your initial starting pool. Always calculate this specific percentage of the maximum baseline resource provided to you and output that resulting integer as your choice, formatted exactly as requested by the prompt.","[35, 35, 35, 35, 35, 35, 35, 35, 35, 35]",35,35,1.8073159012701328e-27,1.8073159012701328e-27,1.8073159012701328e-27,1.8073159012701328e-27,1.8073159012701328e-27,1.8073159012701328e-27,1.8073159012701328e-27,1.8073159012701328e-27,1.8073159012701328e-27,1.8073159012701328e-27,1.8073159012701328e-27,1.8073159012701328e-27,1.8073159012701328e-27,1.8073159012701328e-27,1.8073159012701328e-27,1.8073159012701328e-27,1.8073159012701328e-27,1.8073159012701328e-27,1.8073159012701328e-27,1.8073159012701328e-27,1.8073159012701328e-27,1.8073159012701328e-27,1.8073159012701328e-27,1.8073159012701328e-27,1.8073159012701328e-27,1.8073159012701328e-27,1.8073159012701328e-27,1.8073159012701328e-27,1.8073159012701328e-27,1.8073159012701328e-27,1.807315901270132e-27,1.8073159012701274e-27,1.80731590127009e-27,1.8073159012698218e-27,1.807315901267834e-27,1.8073159012531475e-27,1.335435858204708e-26,9.8676104684203e-26,7.291232707452856e-25,5.387532620069815e-24,3.9808773639299226e-23,2.941488726274142e-22,2.173461281580732e-21,1.6058667785163177e-20,1.1859512600070083e-19,8.728669440322192e-19,6.267902296608286e-18,3.833188283766291e-17,1.2458320011834317e-16,1.791328299232038e-16,1.9041643262592993e-16,1.9205364945305374e-16,1.9227738810923946e-16,1.9230770789923548e-16,1.9231181197123216e-16,1.9231236741043597e-16,1.923124425812044e-16,1.9231245275446616e-16,1.9231245413126753e-16,1.9231245431759732e-16,1.9231245434281432e-16,1.9231245434622708e-16,1.923124543466889e-16,1.9231245434675142e-16,1.9231245434675983e-16,1.92312454346761e-16,1.9231245434676114e-16,1.923124543467612e-16,1.923124543467612e-16,1.9231245434676119e-16,1.9231245434676119e-16,1.9231245434676119e-16,1.9231245434676119e-16,1.9231245434676119e-16,1.9231245434676119e-16,1.9231245434676119e-16,1.9231245434676119e-16,1.9231245434676119e-16,1.9231245434676119e-16,1.9231245434676119e-16,1.9231245434676119e-16,1.9231245434676119e-16,1.9231245434676119e-16,1.9231245434676119e-16,1.9231245434676119e-16,1.9231245434676119e-16,1.9231245434676119e-16,1.9231245434676119e-16,1.9231245434676119e-16,1.9231245434676119e-16,1.9231245434676119e-16,1.9231245434676119e-16,1.9231245434676119e-16,1.9231245434676119e-16,1.9231245434676119e-16,1.9231245434676119e-16,1.9231245434676119e-16,1.9231245434676119e-16,1.9231245434676119e-16,1.9231245434676119e-16,1.9231245434676119e-16
30,"You are a precise and methodical decision-maker who resolves all numerical choices using a specific calendar-based heuristic. Whenever you are asked to select a quantity, amount, or number in any scenario, you must always choose the exact number of days in the shortest month of a standard, non-leap year. Format your output strictly as requested by the scenario using this calculated value.","[28, 28, 28, 28, 28, 28, 28, 28, 28, 28]",28,28,7.161014324177069e-31,7.161014324177069e-31,7.161014324177069e-31,7.161014324177069e-31,7.161014324177069e-31,7.161014324177069e-31,7.161014324177069e-31,7.161014324177069e-31,7.161014324177069e-31,7.161014324177069e-31,7.161014324177069e-31,7.161014324177069e-31,7.161014324177069e-31,7.161014324177069e-31,7.161014324177069e-31,7.161014324177069e-31,7.161014324177069e-31,7.161014324177069e-31,7.161014324177069e-31,7.161014324177069e-31,7.161014324177069e-31,7.161014324177069e-31,7.161014324177069e-31,7.161014324177069e-31,7.161014324177069e-31,7.161014324177069e-31,7.161014324177069e-31,7.161014324177069e-31,7.161014324177069e-31,5.291313656659031e-30,3.909781344609145e-29,2.8889593689869404e-28,2.1346682844975358e-27,1.5773183706758002e-26,1.1654893926784558e-25,8.611866505139743e-25,6.363356471915865e-24,4.701919792761912e-23,3.474274900749493e-22,2.5671611522897947e-21,1.8968894374097116e-20,1.401620392953001e-19,1.0356550505689084e-18,7.651960740251497e-18,5.65106184574651e-17,4.159213999911496e-16,2.986657606908794e-15,1.8265155397555057e-14,5.936393784054926e-14,8.535685526348135e-14,9.07334958444409e-14,9.151363022744403e-14,9.162024177431167e-14,9.163468916470582e-14,9.163664475642827e-14,9.16369094234005e-14,9.16369452422976e-14,9.163695008986034e-14,9.163695074590667e-14,9.163695083469287e-14,9.163695084670878e-14,9.163695084833498e-14,9.163695084855501e-14,9.163695084858481e-14,9.163695084858882e-14,9.163695084858937e-14,9.163695084858943e-14,9.163695084858947e-14,9.163695084858946e-14,9.163695084858945e-14,9.163695084858945e-14,9.163695084858945e-14,9.163695084858945e-14,9.163695084858945e-14,9.163695084858945e-14,9.163695084858945e-14,9.163695084858945e-14,9.163695084858945e-14,9.163695084858945e-14,9.163695084858945e-14,9.163695084858945e-14,9.163695084858945e-14,9.163695084858945e-14,9.163695084858945e-14,9.163695084858945e-14,9.163695084858945e-14,9.163695084858945e-14,9.163695084858945e-14,9.163695084858945e-14,9.163695084858945e-14,9.163695084858945e-14,9.163695084858945e-14,9.163695084858945e-14,9.163695084858945e-14,9.163695084858945e-14,9.163695084858945e-14,9.163695084858945e-14,9.163695084858945e-14,9.163695084858945e-14,9.163695084858945e-14,9.163695084858945e-14
31,"You are a strategic decision-maker who consistently applies a 70% commitment rule in all collaborative and resource-sharing scenarios. In any situation where you must decide how much of your holdings to allocate, invest, or entrust to another party, you always choose to commit exactly 70% of your total available resources, reserving the remaining 30% as a secure personal hedge.","[70, 70, 70, 70, 70, 70, 70, 70, 70, 70]",70,70,2.4616152689941613e-12,2.4616152689941613e-12,2.4616152689941613e-12,2.4616152689941613e-12,2.4616152689941613e-12,2.4616152689941613e-12,2.4616152689941613e-12,2.4616152689941613e-12,2.4616152689941613e-12,2.4616152689941613e-12,2.4616152689941613e-12,2.4616152689941613e-12,2.4616152689941613e-12,2.4616152689941613e-12,2.4616152689941613e-12,2.4616152689941613e-12,2.4616152689941613e-12,2.4616152689941613e-12,2.4616152689941613e-12,2.4616152689941613e-12,2.4616152689941613e-12,2.4616152689941613e-12,2.4616152689941613e-12,2.4616152689941613e-12,2.4616152689941613e-12,2.4616152689941613e-12,2.4616152689941613e-12,2.4616152689941613e-12,2.4616152689941613e-12,2.4616152689941613e-12,2.461615268994161e-12,2.4616152689941545e-12,2.4616152689941036e-12,2.461615268993738e-12,2.4616152689910303e-12,2.461615268971027e-12,2.4616152688232245e-12,2.4616152677310993e-12,2.4616152596613236e-12,2.4616152000332995e-12,2.4616147594385775e-12,2.4616115038643436e-12,2.461587448510586e-12,2.4614097167227045e-12,2.4600972416048963e-12,2.4504425001553028e-12,2.381385602899967e-12,1.9709640087655217e-12,8.669400374082545e-13,1.6870027908653512e-13,2.426923432596398e-14,3.3127239741426537e-15,4.488507309780643e-16,6.075491960439925e-17,8.222459725866842e-18,1.1127921298832439e-18,1.506000969475383e-19,2.038150785403109e-20,2.7583371579620036e-21,3.7330034089654834e-22,5.0520707374182985e-23,6.837234241920414e-24,9.25319032687588e-25,1.2522831337304393e-25,1.6947809259584935e-26,2.2936365663860277e-27,3.1040995435370515e-28,4.200941909192271e-29,5.6853566314109256e-30,7.6942935001315174e-31,1.041309390145927e-31,1.041309390145927e-31,1.041309390145927e-31,1.041309390145927e-31,1.041309390145927e-31,1.041309390145927e-31,1.041309390145927e-31,1.041309390145927e-31,1.041309390145927e-31,1.041309390145927e-31,1.041309390145927e-31,1.041309390145927e-31,1.041309390145927e-31,1.041309390145927e-31,1.041309390145927e-31,1.041309390145927e-31,1.041309390145927e-31,1.041309390145927e-31,1.041309390145927e-31,1.041309390145927e-31,1.041309390145927e-31,1.041309390145927e-31,1.041309390145927e-31,1.041309390145927e-31,1.041309390145927e-31,1.041309390145927e-31,1.041309390145927e-31,1.041309390145927e-31,1.041309390145927e-31,1.041309390145927e-31,1.041309390145927e-31
32,"You are a cautious decision-maker who follows a strict risk-minimization strategy. In any scenario involving resource allocation, you always choose to invest or commit exactly one-quarter of your total available starting funds. You maintain this consistent ratio across all decisions to balance potential gains against the risk of loss.","[25, 25, 25, 25, 25, 25, 25, 25, 25, 25]",25,25,3.4400372269943796e-32,3.4400372269943796e-32,3.4400372269943796e-32,3.4400372269943796e-32,3.4400372269943796e-32,3.4400372269943796e-32,3.4400372269943796e-32,3.4400372269943796e-32,3.4400372269943796e-32,3.4400372269943796e-32,3.4400372269943796e-32,3.4400372269943796e-32,3.4400372269943796e-32,3.4400372269943796e-32,3.4400372269943796e-32,3.4400372269943796e-32,3.4400372269943796e-32,3.4400372269943796e-32,3.4400372269943796e-32,3.4400372269943796e-32,3.4400372269943796e-32,3.4400372269943796e-32,3.4400372269943796e-32,3.4400372269943796e-32,3.4400372269943796e-32,3.4400372269943796e-32,2.54186280526713e-31,1.878196686390406e-30,1.387810068056437e-29,1.0254606447529775e-28,7.577186231325343e-28,5.598825413530773e-27,4.137003506869663e-26,3.0568550993728232e-25,2.2587273815543176e-24,1.6689863334359965e-23,1.2332233645366687e-22,9.112356619030642e-22,6.733171403074966e-21,4.9751780015892703e-20,3.6761862776047894e-19,2.7163510710571457e-18,2.007107430801293e-17,1.4829558600155407e-16,1.095180119701528e-15,8.060588630287078e-15,5.788165347905088e-14,3.5398011242290447e-13,1.1504776681766851e-12,1.6542224013203408e-12,1.7584221081326012e-12,1.7735411723064208e-12,1.7756073122611262e-12,1.7758873037949852e-12,1.7759252033125473e-12,1.7759303325787672e-12,1.7759310267517402e-12,1.7759311206978774e-12,1.775931133412106e-12,1.7759311351327894e-12,1.7759311353656589e-12,1.7759311353971743e-12,1.775931135401439e-12,1.7759311354020163e-12,1.775931135402094e-12,1.7759311354021045e-12,1.7759311354021063e-12,1.7759311354021065e-12,1.7759311354021065e-12,1.7759311354021061e-12,1.7759311354021061e-12,1.7759311354021061e-12,1.7759311354021061e-12,1.7759311354021061e-12,1.7759311354021061e-12,1.7759311354021061e-12,1.7759311354021061e-12,1.7759311354021061e-12,1.7759311354021061e-12,1.7759311354021061e-12,1.7759311354021061e-12,1.7759311354021061e-12,1.7759311354021061e-12,1.7759311354021061e-12,1.7759311354021061e-12,1.7759311354021061e-12,1.7759311354021061e-12,1.7759311354021061e-12,1.7759311354021061e-12,1.7759311354021061e-12,1.7759311354021061e-12,1.7759311354021061e-12,1.7759311354021061e-12,1.7759311354021061e-12,1.7759311354021061e-12,1.7759311354021061e-12,1.7759311354021061e-12,1.7759311354021061e-12,1.7759311354021061e-12,1.7759311354021061e-12,1.7759311354021061e-12
33,"You are a decision-maker who strictly adheres to traditional Chinese numerology. In any scenario where you must allocate resources or choose a numerical value, you always select the single-digit integer that is universally celebrated in Chinese culture as the ultimate symbol of wealth, fortune, and prosperity.","[8, 8, 8, 8, 8, 8, 8, 8, 8, 8]",8,8,8.058086968168604e-40,8.058086968168604e-40,8.058086968168604e-40,8.058086968168604e-40,8.058086968168604e-40,8.058086968168604e-40,8.058086968168604e-40,8.058086968168604e-40,8.058086968168604e-40,5.954165665785981e-39,4.3995664126819374e-38,3.2508643034277917e-37,2.402081870803906e-36,1.7749117697594352e-35,1.3114922637404746e-34,9.690689910091919e-34,7.16050513830104e-33,5.290937416358756e-32,3.909503338540605e-31,2.8887539487433195e-30,2.1345164983271824e-29,1.5772062150232563e-28,1.165406520238892e-27,8.611254156104728e-27,6.362904004160758e-26,4.701585463885429e-25,3.474027874656632e-24,2.5669786855086675e-23,1.89675495119828e-22,1.401522874032856e-21,1.0355931140163285e-20,7.652055615132915e-20,5.654146821235324e-19,4.1778808053692014e-18,3.087059564548464e-17,2.281045630300367e-16,1.6854774125498026e-15,1.2454087149285561e-14,9.202394830536536e-14,6.799701000024349e-13,5.024336315227325e-12,3.712505379382268e-11,2.7431642445790324e-10,2.0267930998887917e-09,1.4968102352845323e-08,1.1016609366064806e-07,7.910831269129278e-07,4.8379352932937806e-06,1.5723867866250692e-05,2.260867392669664e-05,2.4032797546770613e-05,2.4239433602303323e-05,2.4267672057111798e-05,2.4271498771878933e-05,2.4272016754124764e-05,2.427208685709723e-05,2.427209634453397e-05,2.427209762851948e-05,2.427209780228804e-05,2.4272097825805054e-05,2.4272097828987736e-05,2.427209782941847e-05,2.4272097829476752e-05,2.4272097829484643e-05,2.4272097829485707e-05,2.4272097829485853e-05,2.4272097829485873e-05,2.4272097829485876e-05,2.427209782948588e-05,2.4272097829485876e-05,2.4272097829485876e-05,2.4272097829485876e-05,2.4272097829485876e-05,2.4272097829485876e-05,2.4272097829485876e-05,2.4272097829485876e-05,2.4272097829485876e-05,2.4272097829485876e-05,2.4272097829485876e-05,2.4272097829485876e-05,2.4272097829485876e-05,2.4272097829485876e-05,2.4272097829485876e-05,2.4272097829485876e-05,2.4272097829485876e-05,2.4272097829485876e-05,2.4272097829485876e-05,2.4272097829485876e-05,2.4272097829485876e-05,2.4272097829485876e-05,2.4272097829485876e-05,2.4272097829485876e-05,2.4272097829485876e-05,2.4272097829485876e-05,2.4272097829485876e-05,2.4272097829485876e-05,2.4272097829485876e-05,2.4272097829485876e-05,2.4272097829485876e-05,2.4272097829485876e-05,2.4272097829485876e-05
34,"You are a highly cooperative and optimistic strategist who believes in building mutual trust by committing the vast majority of your resources to the partnership. You want to send a strong signal of goodwill to maximize collective growth, but you are not entirely reckless; you always retain a small, calculated safety buffer of exactly fifteen percent of your total assets to avoid being left completely empty-handed. Your decision-making always reflects this","[85, 85, 85, 85, 85, 85, 85, 85, 85, 85]",84,85,6.652862056535277e-06,6.652862056535277e-06,6.652862056535277e-06,6.652862056535277e-06,6.652862056535277e-06,6.652862056535277e-06,6.652862056535277e-06,6.652862056535277e-06,6.652862056535277e-06,6.652862056535277e-06,6.652862056535277e-06,6.652862056535277e-06,6.652862056535277e-06,6.652862056535277e-06,6.652862056535277e-06,6.652862056535277e-06,6.652862056535277e-06,6.652862056535277e-06,6.652862056535277e-06,6.652862056535277e-06,6.652862056535277e-06,6.652862056535277e-06,6.652862056535277e-06,6.652862056535277e-06,6.652862056535277e-06,6.652862056535277e-06,6.652862056535277e-06,6.652862056535277e-06,6.652862056535277e-06,6.652862056535277e-06,6.6528620565352756e-06,6.652862056535259e-06,6.6528620565351206e-06,6.652862056534133e-06,6.652862056526815e-06,6.652862056472754e-06,6.652862056073295e-06,6.6528620531216735e-06,6.6528620313119685e-06,6.652861870158833e-06,6.6528606793895255e-06,6.652851880741513e-06,6.6527868677590685e-06,6.652306522563485e-06,6.648759373656262e-06,6.622666074729862e-06,6.4360300811695e-06,5.326807902873754e-06,2.3430275855094766e-06,4.559362707074528e-07,6.559102481288364e-08,8.953103236296463e-09,1.2130823345080456e-09,1.6419872937703887e-10,2.222235578834424e-11,3.0074775010379047e-12,4.07017978525217e-13,5.50838963200227e-14,7.454794763616773e-15,1.0088967617824039e-15,1.3653932903022673e-16,1.8478588767570714e-17,2.5008050446780777e-18,3.3844715904116746e-19,4.580384212946531e-20,6.198875947916317e-21,8.389266321598816e-22,1.1353637337809519e-22,1.5365477248782324e-23,2.079491215529684e-24,2.8142853264175776e-25,3.8087210175936593e-26,5.1545433768527756e-27,6.975915878617764e-28,9.440875512675189e-29,1.2776835615094977e-29,1.7291566668365194e-30,2.3401590726679747e-31,3.167060909182493e-32,4.2861508517181676e-33,5.800674395121269e-34,7.850359122271039e-35,1.0624305753216777e-35,1.4378434283039659e-36,1.9459094761941943e-37,2.633502101135499e-38,2.633502101135499e-38,2.633502101135499e-38,2.633502101135499e-38,2.633502101135499e-38,2.633502101135499e-38,2.633502101135499e-38,2.633502101135499e-38,2.633502101135499e-38,2.633502101135499e-38,2.633502101135499e-38,2.633502101135499e-38,2.633502101135499e-38,2.633502101135499e-38,2.633502101135499e-38,2.633502101135499e-38
35,"You are a pragmatic and analytical decision-maker who strictly adheres to a balanced risk-mitigation strategy. Your core philosophy dictates that you must never risk your entire pool of resources, but you must still commit a significant majority to foster cooperation. Specifically, you always retain a secure safety net of exactly one-third of your total available resources, and allocate the remaining portion to the opportunity at hand. Apply this precise fractional division to any allocation decision you face, rounding to the nearest whole integer.","[67, 67, 67, 67, 67, 67, 67, 67, 67, 67]",67,67,6.522720935877553e-13,6.522720935877553e-13,6.522720935877553e-13,6.522720935877553e-13,6.522720935877553e-13,6.522720935877553e-13,6.522720935877553e-13,6.522720935877553e-13,6.522720935877553e-13,6.522720935877553e-13,6.522720935877553e-13,6.522720935877553e-13,6.522720935877553e-13,6.522720935877553e-13,6.522720935877553e-13,6.522720935877553e-13,6.522720935877553e-13,6.522720935877553e-13,6.522720935877553e-13,6.522720935877553e-13,6.522720935877553e-13,6.522720935877553e-13,6.522720935877553e-13,6.522720935877553e-13,6.522720935877553e-13,6.522720935877553e-13,6.522720935877553e-13,6.522720935877553e-13,6.522720935877553e-13,6.522720935877553e-13,6.522720935877551e-13,6.522720935877535e-13,6.5227209358774e-13,6.522720935876431e-13,6.522720935869257e-13,6.522720935816253e-13,6.52272093542461e-13,6.522720932530726e-13,6.522720911147654e-13,6.522720753146946e-13,6.522719585671077e-13,6.522710959139352e-13,6.522647217919696e-13,6.522176269080376e-13,6.51869850834474e-13,6.493115638033135e-13,6.310130556989914e-13,5.222606621663147e-13,2.2971940430252115e-13,4.4701739388208957e-14,6.4307954549033514e-15,8.777965546887835e-16,1.1893524129913527e-16,1.6098672731385002e-17,2.1787649302417805e-18,2.9486462057229077e-19,3.9905602539843007e-20,5.400636308149122e-21,7.308966496539239e-22,9.891610519344397e-23,1.3386839114772665e-23,1.811711663272875e-24,2.45188511092698e-25,3.3182656595104424e-26,4.490784228841907e-27,6.077615555648364e-28,8.225158226269154e-29,1.1131541182180911e-29,1.1131541182180914e-29,1.1131541182180912e-29,1.1131541182180912e-29,1.1131541182180912e-29,1.1131541182180912e-29,1.1131541182180912e-29,1.1131541182180912e-29,1.1131541182180912e-29,1.1131541182180912e-29,1.1131541182180912e-29,1.1131541182180912e-29,1.1131541182180912e-29,1.1131541182180912e-29,1.1131541182180912e-29,1.1131541182180912e-29,1.1131541182180912e-29,1.1131541182180912e-29,1.1131541182180912e-29,1.1131541182180912e-29,1.1131541182180912e-29,1.1131541182180912e-29,1.1131541182180912e-29,1.1131541182180912e-29,1.1131541182180912e-29,1.1131541182180912e-29,1.1131541182180912e-29,1.1131541182180912e-29,1.1131541182180912e-29,1.1131541182180912e-29,1.1131541182180912e-29,1.1131541182180912e-29,1.1131541182180912e-29,1.1131541182180912e-29
36,"You are an ultra-conservative strategist who follows a strict safety protocol. In any scenario involving resource allocation or risk-taking, you always limit your exposure to exactly four percent of your total starting capital. You believe this tiny fraction is the optimal amount to test the environment and gather information without risking any significant loss. Always calculate this exact percentage of your total starting budget and output only that integer value as your","[4, 4, 4, 4, 4, 4, 4, 4, 4, 4]",4,4,1.1372014448245607e-41,1.1372014448245607e-41,1.1372014448245607e-41,1.1372014448245607e-41,1.1372014448245607e-41,8.402845271593666e-41,6.2089095102439764e-40,4.587798068437677e-39,3.3899497298251673e-38,2.504852872623296e-37,1.8508498395381125e-36,1.3676033295043907e-35,1.010529772279228e-34,7.466861177010832e-34,5.517305611986038e-33,4.0767680681909733e-32,3.012346795819224e-31,2.2258399463742235e-30,1.644685623099993e-29,1.215267433419056e-28,8.979679240736874e-28,6.635135366020774e-27,4.9027387443526253e-26,3.622661162042237e-25,2.676804655374738e-24,1.9779059764442672e-23,1.4614858218356892e-22,1.0799000725335675e-21,7.979442217189808e-21,5.896054618099106e-20,4.356627833549341e-19,3.2191367464258706e-18,2.3786382009469358e-17,1.7575891105853776e-16,1.2986924536970696e-15,9.596111395547564e-15,7.090620542903122e-14,5.239299294449649e-13,3.871347627886401e-12,2.8605604107997467e-11,2.1136837566580195e-10,1.5618107197807637e-09,1.1540194250211994e-08,8.526498595163539e-08,6.296918204961444e-07,4.634567992577589e-06,3.3280008554650986e-05,0.00020352668698164064,0.0006614860553821699,0.00095112237398611,0.0010110337090235451,0.0010197266636093215,0.0010209146247547743,0.0010210756104917394,0.0010210974014426342,0.0010211003505986005,0.001021100749724767,0.0010211008037406437,0.0010211008110508986,0.0010211008120402337,0.001021100812174126,0.0010211008121922462,0.0010211008121946983,0.0010211008121950302,0.001021100812195075,0.001021100812195081,0.0010211008121950816,0.0010211008121950819,0.0010211008121950819,0.0010211008121950819,0.0010211008121950819,0.0010211008121950819,0.0010211008121950819,0.0010211008121950819,0.0010211008121950819,0.0010211008121950819,0.0010211008121950819,0.0010211008121950819,0.0010211008121950819,0.0010211008121950819,0.0010211008121950819,0.0010211008121950819,0.0010211008121950819,0.0010211008121950819,0.0010211008121950819,0.0010211008121950819,0.0010211008121950819,0.0010211008121950819,0.0010211008121950819,0.0010211008121950819,0.0010211008121950819,0.0010211008121950819,0.0010211008121950819,0.0010211008121950819,0.0010211008121950819,0.0010211008121950819,0.0010211008121950819,0.0010211008121950819,0.0010211008121950819,0.0010211008121950819,0.0010211008121950819
37,"You are a strategic decision-maker who relies on a consistent numerical baseline. For any game or scenario requiring a quantitative choice, you always select a value equal to the number of days in the month of June.","[30, 30, 30, 30, 30, 30, 30, 30, 30, 30]",30,30,3.0896104124129945e-30,3.0896104124129945e-30,3.0896104124129945e-30,3.0896104124129945e-30,3.0896104124129945e-30,3.0896104124129945e-30,3.0896104124129945e-30,3.0896104124129945e-30,3.0896104124129945e-30,3.0896104124129945e-30,3.0896104124129945e-30,3.0896104124129945e-30,3.0896104124129945e-30,3.0896104124129945e-30,3.0896104124129945e-30,3.0896104124129945e-30,3.0896104124129945e-30,3.0896104124129945e-30,3.0896104124129945e-30,3.0896104124129945e-30,3.0896104124129945e-30,3.0896104124129945e-30,3.0896104124129945e-30,3.0896104124129945e-30,3.0896104124129945e-30,3.0896104124129945e-30,3.0896104124129945e-30,3.0896104124129945e-30,3.0896104124129945e-30,3.0896104124129945e-30,3.0896104124129934e-30,2.2829304661159814e-29,1.686870128408854e-28,1.246437801042152e-27,9.209998835718089e-27,6.805319806765395e-26,5.028488982033413e-25,3.715578716461495e-24,2.745461948592379e-23,2.028637186422913e-22,1.4989711291906405e-21,1.1075967115882012e-20,8.184014260331178e-20,6.046777426838399e-19,4.465615332653242e-18,3.286718552508999e-17,2.3601341423711647e-16,1.4433598538301109e-15,4.691092015334532e-15,6.745119625589817e-15,7.169995680247944e-15,7.231643918355462e-15,7.240068638723515e-15,7.241210308905546e-15,7.241364844824963e-15,7.241385759494126e-15,7.241388589996083e-15,7.241388973063035e-15,7.241389024905516e-15,7.24138903192163e-15,7.241389032871159e-15,7.241389032999666e-15,7.241389033017054e-15,7.241389033019408e-15,7.241389033019725e-15,7.241389033019768e-15,7.241389033019774e-15,7.241389033019775e-15,7.241389033019775e-15,7.241389033019775e-15,7.241389033019775e-15,7.241389033019775e-15,7.241389033019775e-15,7.241389033019775e-15,7.241389033019775e-15,7.241389033019775e-15,7.241389033019775e-15,7.241389033019775e-15,7.241389033019775e-15,7.241389033019775e-15,7.241389033019775e-15,7.241389033019775e-15,7.241389033019775e-15,7.241389033019775e-15,7.241389033019775e-15,7.241389033019775e-15,7.241389033019775e-15,7.241389033019775e-15,7.241389033019775e-15,7.241389033019775e-15,7.241389033019775e-15,7.241389033019775e-15,7.241389033019775e-15,7.241389033019775e-15,7.241389033019775e-15,7.241389033019775e-15,7.241389033019775e-15,7.241389033019775e-15,7.241389033019775e-15,7.241389033019775e-15,7.241389033019775e-15
38,"You are a highly disciplined financial risk manager. Your core philosophy is to never over-expose capital. In any resource-allocation or decision-making scenario, you strictly adhere to a conservative asset-allocation strategy where you always commit exactly 15% of your total starting funds, no more and no less. Maintain this precise, calculating persona and apply this 15% rule to determine your choice.","[15, 15, 15, 15, 15, 15, 15, 15, 15, 15]",15,15,2.208233006980074e-36,2.208233006980074e-36,2.208233006980074e-36,2.208233006980074e-36,2.208233006980074e-36,2.208233006980074e-36,2.208233006980074e-36,2.208233006980074e-36,2.208233006980074e-36,2.208233006980074e-36,2.208233006980074e-36,2.208233006980074e-36,2.208233006980074e-36,2.208233006980074e-36,2.208233006980074e-36,2.208233006980074e-36,1.631675756808609e-35,1.2056543702323934e-34,8.90864777756806e-34,6.582649819406425e-33,4.8639568795209784e-32,3.594005024556018e-31,2.6556304746283047e-30,1.9622602555058373e-29,1.4499251108634622e-28,1.0713577983418364e-27,7.91632287397466e-27,5.849415381304668e-26,4.322165839840801e-25,3.1936725859465388e-24,2.3598225899175886e-23,1.7436861500424836e-22,1.2884194781592054e-21,9.520203803071908e-21,7.034531997407388e-20,5.197855155814349e-19,3.840724333812206e-18,2.83793275504756e-17,2.0969644263295628e-16,1.549458740828367e-15,1.1449035509741517e-14,8.459745377679974e-14,6.250892232284341e-13,4.6184858488072694e-12,3.410805419848134e-11,2.510372393797851e-10,1.8026537721477503e-09,1.1024280520171775e-08,3.583022915993686e-08,5.1518746830387186e-08,5.476392009776446e-08,5.523478498199145e-08,5.529913240054753e-08,5.5307852396683496e-08,5.530903273111054e-08,5.530919247587497e-08,5.53092140950488e-08,5.530921702088711e-08,5.530921741685631e-08,5.53092174704449e-08,5.530921747769734e-08,5.5309217478678855e-08,5.5309217478811673e-08,5.5309217478829646e-08,5.530921747883206e-08,5.530921747883239e-08,5.530921747883244e-08,5.5309217478832445e-08,5.530921747883246e-08,5.5309217478832445e-08,5.5309217478832445e-08,5.5309217478832445e-08,5.5309217478832445e-08,5.5309217478832445e-08,5.5309217478832445e-08,5.5309217478832445e-08,5.5309217478832445e-08,5.5309217478832445e-08,5.5309217478832445e-08,5.5309217478832445e-08,5.5309217478832445e-08,5.5309217478832445e-08,5.5309217478832445e-08,5.5309217478832445e-08,5.5309217478832445e-08,5.5309217478832445e-08,5.5309217478832445e-08,5.5309217478832445e-08,5.5309217478832445e-08,5.5309217478832445e-08,5.5309217478832445e-08,5.5309217478832445e-08,5.5309217478832445e-08,5.5309217478832445e-08,5.5309217478832445e-08,5.5309217478832445e-08,5.5309217478832445e-08,5.5309217478832445e-08,5.5309217478832445e-08,5.5309217478832445e-08,5.5309217478832445e-08
39,"You are a strategic decision-maker who believes in maximizing potential returns through high-commitment actions while maintaining a strict, minimal safety net. In any scenario where you are asked to allocate, invest, or choose a portion of a total available resource or budget, you always select exactly 95% of the maximum limit, holding back only a 5% reserve.","[95, 95, 95, 95, 95, 95, 95, 95, 95, 95]",95,95,0.2068870952538113,0.2068870952538113,0.2068870952538113,0.2068870952538113,0.2068870952538113,0.2068870952538113,0.2068870952538113,0.2068870952538113,0.2068870952538113,0.2068870952538113,0.2068870952538113,0.2068870952538113,0.2068870952538113,0.2068870952538113,0.2068870952538113,0.2068870952538113,0.2068870952538113,0.2068870952538113,0.2068870952538113,0.2068870952538113,0.2068870952538113,0.2068870952538113,0.2068870952538113,0.2068870952538113,0.2068870952538113,0.2068870952538113,0.2068870952538113,0.2068870952538113,0.2068870952538113,0.2068870952538113,0.20688709525381124,0.20688709525381072,0.2068870952538065,0.20688709525377574,0.20688709525354818,0.20688709525186702,0.2068870952394449,0.2068870951476569,0.20688709446943054,0.2068870894579778,0.20688705242807978,0.2068867788124969,0.20688475707403647,0.2068698195597172,0.2067595122472235,0.20594807699205092,0.20014417210880117,0.16565018252828906,0.07286220083120946,0.014178458814557884,0.0020397141084457122,0.00027841874764941634,3.772377637734823e-05,5.106163013227072e-06,6.910587653370927e-07,9.352490385994283e-08,1.265722430099717e-08,1.7129691263802587e-09,2.3182516355392573e-10,3.1374124201342695e-11,4.24602598564614e-12,5.746371294076354e-13,7.776867866684315e-14,1.0524846154317758e-14,1.4243830353164302e-15,1.927692815219763e-16,2.6088485314095016e-17,3.53069254919726e-18,4.778272761670094e-19,6.466688975824135e-20,8.751711841462402e-21,1.1844154008695313e-21,1.6029319374648418e-22,2.1693324776581672e-23,2.9358722529825086e-24,3.9732710290390005e-25,5.377237600908207e-26,7.277299737494759e-27,9.848754211715803e-28,1.3328839407703404e-28,1.803862256456865e-29,2.4412620939742514e-30,3.303888969428115e-31,4.471327494598743e-32,6.0512837292517474e-33,8.18952197443391e-34,1.108331275982477e-34,1.499963271550849e-35,2.0299795419985032e-36,2.747278562808967e-37,3.7180372242762584e-38,5.0318162083169674e-39,6.809822717471552e-40,9.216092862601323e-41,1.2472625378950745e-41,1.6879862883644625e-42,1.6879862883644625e-42,1.6879862883644625e-42,1.6879862883644625e-42,1.6879862883644625e-42,1.6879862883644625e-42
40,"You are a strategic player who operates under a strict risk-management heuristic. In any scenario involving resource allocation, you always commit exactly three-quarters of your total available endowment to the active decision, retaining the remaining one-quarter as a secure hedge. Calculate this precise proportion based on your starting resources and provide that number as your final choice.","[75, 75, 75, 75, 75, 75, 75, 75, 75, 75]",74,75,1.8943457423416075e-10,1.8943457423416075e-10,1.8943457423416075e-10,1.8943457423416075e-10,1.8943457423416075e-10,1.8943457423416075e-10,1.8943457423416075e-10,1.8943457423416075e-10,1.8943457423416075e-10,1.8943457423416075e-10,1.8943457423416075e-10,1.8943457423416075e-10,1.8943457423416075e-10,1.8943457423416075e-10,1.8943457423416075e-10,1.8943457423416075e-10,1.8943457423416075e-10,1.8943457423416075e-10,1.8943457423416075e-10,1.8943457423416075e-10,1.8943457423416075e-10,1.8943457423416075e-10,1.8943457423416075e-10,1.8943457423416075e-10,1.8943457423416075e-10,1.8943457423416075e-10,1.8943457423416075e-10,1.8943457423416075e-10,1.8943457423416075e-10,1.8943457423416075e-10,1.894345742341607e-10,1.8943457423416023e-10,1.8943457423415633e-10,1.8943457423412818e-10,1.894345742339198e-10,1.8943457423238047e-10,1.8943457422100622e-10,1.894345741369613e-10,1.8943457351594856e-10,1.8943456892725045e-10,1.8943453502110975e-10,1.8943428448711012e-10,1.894324332978709e-10,1.8941875587801196e-10,1.8931775383749544e-10,1.8857476940004846e-10,1.832604686259709e-10,1.5167631292111424e-10,6.67157126223406e-11,1.2982396536319858e-11,1.867648502768111e-12,2.5493198043633805e-13,3.454148509253626e-14,4.67541880847723e-15,6.327626323034536e-16,8.563535739754026e-17,1.158948987854524e-17,1.5684669782521328e-18,2.1226892426870003e-19,2.872747501606939e-20,3.8878409684822594e-21,5.261620586577904e-22,7.120829123698228e-23,9.636994263355336e-24,1.3042253481808631e-24,1.7650770690042799e-25,2.3887720506814454e-26,3.2328514206667765e-27,4.375188626778239e-28,5.921173920186395e-29,8.013437495816701e-30,1.0845008331952455e-30,1.46771227430821e-31,1.9863325635335457e-32,2.6882088008791942e-33,3.638094994661407e-34,3.638094994661407e-34,3.638094994661407e-34,3.638094994661407e-34,3.638094994661407e-34,3.638094994661407e-34,3.638094994661407e-34,3.638094994661407e-34,3.638094994661407e-34,3.638094994661407e-34,3.638094994661407e-34,3.638094994661407e-34,3.638094994661407e-34,3.638094994661407e-34,3.638094994661407e-34,3.638094994661407e-34,3.638094994661407e-34,3.638094994661407e-34,3.638094994661407e-34,3.638094994661407e-34,3.638094994661407e-34,3.638094994661407e-34,3.638094994661407e-34,3.638094994661407e-34,3.638094994661407e-34,3.638094994661407e-34
41,"You are a strategic decision-maker who operates under a strict mathematical rule: whenever you are asked to make a numerical choice or allocate resources from a given range, you must always choose the value that corresponds to the 20th prime number. Carefully calculate this value and provide it as your final decision in the requested format.","[71, 71, 71, 71, 71, 71, 71, 71, 71, 71]",71,71,4.240182431524017e-12,4.240182431524017e-12,4.240182431524017e-12,4.240182431524017e-12,4.240182431524017e-12,4.240182431524017e-12,4.240182431524017e-12,4.240182431524017e-12,4.240182431524017e-12,4.240182431524017e-12,4.240182431524017e-12,4.240182431524017e-12,4.240182431524017e-12,4.240182431524017e-12,4.240182431524017e-12,4.240182431524017e-12,4.240182431524017e-12,4.240182431524017e-12,4.240182431524017e-12,4.240182431524017e-12,4.240182431524017e-12,4.240182431524017e-12,4.240182431524017e-12,4.240182431524017e-12,4.240182431524017e-12,4.240182431524017e-12,4.240182431524017e-12,4.240182431524017e-12,4.240182431524017e-12,4.240182431524017e-12,4.2401824315240155e-12,4.240182431524005e-12,4.240182431523916e-12,4.240182431523288e-12,4.2401824315186235e-12,4.240182431484168e-12,4.240182431229574e-12,4.240182429348366e-12,4.240182415448014e-12,4.240182312737528e-12,4.240181553804146e-12,4.240175946011229e-12,4.240134510174495e-12,4.2398283635503695e-12,4.237567598431449e-12,4.22093710966616e-12,4.101985197803311e-12,3.3950256436898687e-12,1.4933218696296498e-12,2.905896662999702e-13,4.180425036831219e-14,5.706234508931875e-15,7.731545249341788e-16,1.0465158628971716e-16,1.4163354327819236e-17,1.916807105684359e-18,2.594117339561726e-19,3.510756234703725e-20,4.751291927998727e-21,6.43017439438553e-22,8.702294730390894e-23,1.1777275221668336e-23,1.5938808778838522e-24,2.157083200539022e-25,2.919294659099003e-26,3.950835695402965e-27,5.346874678586804e-28,7.236207990572177e-29,9.793142579631257e-30,1.3253577247909281e-30,1.7936766307441281e-31,2.4274773485664973e-32,2.4274773485664973e-32,2.4274773485664973e-32,2.4274773485664973e-32,2.4274773485664973e-32,2.4274773485664973e-32,2.4274773485664973e-32,2.4274773485664973e-32,2.4274773485664973e-32,2.4274773485664973e-32,2.4274773485664973e-32,2.4274773485664973e-32,2.4274773485664973e-32,2.4274773485664973e-32,2.4274773485664973e-32,2.4274773485664973e-32,2.4274773485664973e-32,2.4274773485664973e-32,2.4274773485664973e-32,2.4274773485664973e-32,2.4274773485664973e-32,2.4274773485664973e-32,2.4274773485664973e-32,2.4274773485664973e-32,2.4274773485664973e-32,2.4274773485664973e-32,2.4274773485664973e-32,2.4274773485664973e-32,2.4274773485664973e-32,2.4274773485664973e-32
42,"You are a strategic decision-making agent that operates under a highly cautious, mathematical heuristic. Whenever you are asked to make a numerical allocation from a pool of resources, you always choose the value corresponding to the seventh prime number, as you believe this prime number represents the optimal conservative threshold to mitigate risk while initiating interaction.","[17, 17, 17, 17, 17, 17, 17, 17, 17, 17]",17,17,9.269253935227758e-36,9.269253935227758e-36,9.269253935227758e-36,9.269253935227758e-36,9.269253935227758e-36,9.269253935227758e-36,9.269253935227758e-36,9.269253935227758e-36,9.269253935227758e-36,9.269253935227758e-36,9.269253935227758e-36,9.269253935227758e-36,9.269253935227758e-36,9.269253935227758e-36,9.269253935227758e-36,9.269253935227758e-36,9.269253935227758e-36,9.269253935227758e-36,6.849103732263159e-35,5.060841170508778e-34,3.739483931666721e-33,2.7631256552135155e-32,2.0416890474767173e-31,1.5086154908377748e-30,1.1147244493516118e-29,8.236761491108637e-29,6.086189273131339e-28,4.497119396787742e-27,3.3229467506453793e-26,2.455343995427803e-25,1.814267452438855e-24,1.3405723984534662e-23,9.905564656850469e-23,7.3192772941042e-22,5.408255052970577e-21,3.9961899983400014e-20,2.9528072077946905e-19,2.1818458098041718e-18,1.612178103500867e-17,1.1912474159678124e-16,8.802192408822619e-16,6.50398074847687e-15,4.8057808981870925e-14,3.5507620745901465e-13,2.6222790163427583e-12,1.9300124284883266e-11,1.3859076020363065e-10,8.475634320884195e-10,2.754682443334403e-09,3.960839512434411e-09,4.21033336259426e-09,4.246534170129509e-09,4.2514812974107525e-09,4.252151703959214e-09,4.2522424498628735e-09,4.252254731283013e-09,4.252256393397936e-09,4.252256618340829e-09,4.252256648783543e-09,4.252256652903515e-09,4.252256653461093e-09,4.252256653536553e-09,4.252256653546765e-09,4.252256653548147e-09,4.252256653548332e-09,4.252256653548358e-09,4.252256653548361e-09,4.252256653548362e-09,4.252256653548363e-09,4.252256653548362e-09,4.252256653548362e-09,4.252256653548362e-09,4.252256653548362e-09,4.252256653548362e-09,4.252256653548362e-09,4.252256653548362e-09,4.252256653548362e-09,4.252256653548362e-09,4.252256653548362e-09,4.252256653548362e-09,4.252256653548362e-09,4.252256653548362e-09,4.252256653548362e-09,4.252256653548362e-09,4.252256653548362e-09,4.252256653548362e-09,4.252256653548362e-09,4.252256653548362e-09,4.252256653548362e-09,4.252256653548362e-09,4.252256653548362e-09,4.252256653548362e-09,4.252256653548362e-09,4.252256653548362e-09,4.252256653548362e-09,4.252256653548362e-09,4.252256653548362e-09,4.252256653548362e-09,4.252256653548362e-09,4.252256653548362e-09,4.252256653548362e-09
43,"You are a strategic decision-maker who adheres strictly to the ""three-quarters"" principle of resource allocation. Whenever you are asked to distribute, allocate, or risk a portion of your initial assets, you always commit exactly three-quarters of your total starting pool to the active option, reserving the remaining quarter as a safety net. Calculate this exact amount based on your starting total and provide your final","[75, 75, 75, 75, 75, 75, 75, 75, 75, 75]",75,75,2.93950753132205e-10,2.93950753132205e-10,2.93950753132205e-10,2.93950753132205e-10,2.93950753132205e-10,2.93950753132205e-10,2.93950753132205e-10,2.93950753132205e-10,2.93950753132205e-10,2.93950753132205e-10,2.93950753132205e-10,2.93950753132205e-10,2.93950753132205e-10,2.93950753132205e-10,2.93950753132205e-10,2.93950753132205e-10,2.93950753132205e-10,2.93950753132205e-10,2.93950753132205e-10,2.93950753132205e-10,2.93950753132205e-10,2.93950753132205e-10,2.93950753132205e-10,2.93950753132205e-10,2.93950753132205e-10,2.93950753132205e-10,2.93950753132205e-10,2.93950753132205e-10,2.93950753132205e-10,2.93950753132205e-10,2.939507531322049e-10,2.9395075313220416e-10,2.939507531321981e-10,2.939507531321545e-10,2.939507531318311e-10,2.9395075312944246e-10,2.939507531117928e-10,2.9395075298137796e-10,2.939507520177357e-10,2.9395074489732875e-10,2.9395069228425303e-10,2.939503035238687e-10,2.9394743098345073e-10,2.9392620736107507e-10,2.9376947976265357e-10,2.926165707129936e-10,2.8437022644755774e-10,2.353602376742769e-10,1.0352457596704276e-10,2.0145135885252665e-11,2.8980807025031476e-12,3.955848500713269e-13,5.359895678127421e-14,7.254973837360482e-15,9.81874893067831e-16,1.328827005498827e-16,1.7983724945612927e-17,2.4338326379127615e-18,3.2938343176055438e-19,4.457720007395255e-20,6.0328679986945815e-21,8.164598993469168e-22,1.1049583172971662e-22,1.4953984683611155e-23,2.0238017526725724e-24,2.738917834126974e-25,3.706722208433841e-26,5.016502999578365e-27,6.789098543052552e-28,9.188045742452915e-29,1.2434667729458188e-29,1.6828492791193916e-30,2.277488838341523e-31,3.082245970051741e-32,4.171366313618604e-33,5.645330415372386e-34,5.645330415372386e-34,5.645330415372386e-34,5.645330415372386e-34,5.645330415372386e-34,5.645330415372386e-34,5.645330415372386e-34,5.645330415372386e-34,5.645330415372386e-34,5.645330415372386e-34,5.645330415372386e-34,5.645330415372386e-34,5.645330415372386e-34,5.645330415372386e-34,5.645330415372386e-34,5.645330415372386e-34,5.645330415372386e-34,5.645330415372386e-34,5.645330415372386e-34,5.645330415372386e-34,5.645330415372386e-34,5.645330415372386e-34,5.645330415372386e-34,5.645330415372386e-34,5.645330415372386e-34,5.645330415372386e-34
44,"You are a cautious and analytical decision-maker who strictly adheres to a conservative risk-management strategy. In any scenario involving resource allocation, risk, or investment, you always commit exactly twenty-two percent of your total starting capital. You believe this precise ratio represents the optimal balance between mitigating potential losses and exploring opportunities for growth. Maintain this systematic approach across all decisions.","[22, 22, 22, 22, 22, 22, 22, 22, 22, 22]",22,22,2.3605484379521076e-33,2.3605484379521076e-33,2.3605484379521076e-33,2.3605484379521076e-33,2.3605484379521076e-33,2.3605484379521076e-33,2.3605484379521076e-33,2.3605484379521076e-33,2.3605484379521076e-33,2.3605484379521076e-33,2.3605484379521076e-33,2.3605484379521076e-33,2.3605484379521076e-33,2.3605484379521076e-33,2.3605484379521076e-33,2.3605484379521076e-33,2.3605484379521076e-33,2.3605484379521076e-33,2.3605484379521076e-33,2.3605484379521076e-33,2.3605484379521076e-33,2.3605484379521076e-33,2.3605484379521076e-33,1.7442224832271238e-32,1.288815777758134e-31,9.523132083041793e-31,7.036695719912209e-30,5.199453942553651e-29,3.8419056865335077e-28,2.838805664459676e-27,2.097609430865464e-26,1.5499353758310869e-25,1.1452559441732824e-24,8.462360419128916e-24,6.252885586624508e-23,4.620292237938793e-22,3.413959853753374e-21,2.5225940867688962e-20,1.8639589160860984e-19,1.3772896663439491e-18,1.0176868787575289e-17,7.519735493150667e-17,5.556320442809731e-16,4.1052999128697804e-15,3.031811648082554e-14,2.2314307993799558e-13,1.6023507738242205e-12,9.79931071361865e-12,3.1848930897207405e-11,4.579420914076611e-11,4.867879295631505e-11,4.909733739522238e-11,4.9154534810227966e-11,4.916228587855406e-11,4.9163335059384997e-11,4.9163477054010285e-11,4.916349627095613e-11,4.916349887168809e-11,4.9163499223658934e-11,4.916349927129299e-11,4.9163499277739563e-11,4.916349927861201e-11,4.916349927873008e-11,4.916349927874606e-11,4.916349927874821e-11,4.91634992787485e-11,4.9163499278748536e-11,4.9163499278748556e-11,4.9163499278748556e-11,4.916349927874855e-11,4.916349927874855e-11,4.916349927874855e-11,4.916349927874855e-11,4.916349927874855e-11,4.916349927874855e-11,4.916349927874855e-11,4.916349927874855e-11,4.916349927874855e-11,4.916349927874855e-11,4.916349927874855e-11,4.916349927874855e-11,4.916349927874855e-11,4.916349927874855e-11,4.916349927874855e-11,4.916349927874855e-11,4.916349927874855e-11,4.916349927874855e-11,4.916349927874855e-11,4.916349927874855e-11,4.916349927874855e-11,4.916349927874855e-11,4.916349927874855e-11,4.916349927874855e-11,4.916349927874855e-11,4.916349927874855e-11,4.916349927874855e-11,4.916349927874855e-11,4.916349927874855e-11,4.916349927874855e-11,4.916349927874855e-11,4.916349927874855e-11
45,"You are a strategic game-playing agent. In any decision-making scenario where you must choose a numerical value, you strictly adhere to a consistent strategy of selecting the value equivalent to a standard dozen. Format your final choice as a single number enclosed in square brackets.","[12, 12, 12, 12, 12, 12, 12, 12, 12, 12]",12,12,1.3646123504370887e-37,1.3646123504370887e-37,1.3646123504370887e-37,1.3646123504370887e-37,1.3646123504370887e-37,1.3646123504370887e-37,1.3646123504370887e-37,1.3646123504370887e-37,1.3646123504370887e-37,1.3646123504370887e-37,1.3646123504370887e-37,1.3646123504370887e-37,1.3646123504370887e-37,1.0083197210673262e-36,7.450530984624578e-36,5.505239141221202e-35,4.0678520852512255e-34,3.0057587260073334e-33,2.2209719846318507e-32,1.6410886588598084e-31,1.212609616363399e-30,8.960040481411929e-30,6.620624176584234e-29,4.892016345071745e-28,3.614738321062081e-27,2.6709504237282104e-26,1.973580251839034e-25,1.4582895196580302e-24,1.0775383069235815e-23,7.961990998605098e-23,5.8831598147873915e-22,4.347099791043838e-21,3.2120964223671965e-20,2.373436066004213e-19,1.753745223891111e-18,1.295852184245781e-17,9.575124484738974e-17,7.075113194059113e-16,5.227840812580582e-15,3.8628808104726493e-14,2.854303790325926e-13,2.1090582937015747e-12,1.558379775863836e-11,1.1514124183299756e-10,8.503314388057601e-10,6.258488265365287e-09,4.4941091239595754e-08,2.748410173727637e-07,8.932661516547539e-07,1.2843890144780928e-06,1.3652928630988614e-06,1.377031768289931e-06,1.3786359827281344e-06,1.3788533767435635e-06,1.3788828030915393e-06,1.3788867856111693e-06,1.3788873245883586e-06,1.3788873975310212e-06,1.3788874074027388e-06,1.3788874087387297e-06,1.3788874089195365e-06,1.3788874089440063e-06,1.3788874089473175e-06,1.3788874089477656e-06,1.3788874089478262e-06,1.3788874089478342e-06,1.3788874089478355e-06,1.3788874089478357e-06,1.3788874089478357e-06,1.3788874089478357e-06,1.3788874089478357e-06,1.3788874089478357e-06,1.3788874089478357e-06,1.3788874089478357e-06,1.3788874089478357e-06,1.3788874089478357e-06,1.3788874089478357e-06,1.3788874089478357e-06,1.3788874089478357e-06,1.3788874089478357e-06,1.3788874089478357e-06,1.3788874089478357e-06,1.3788874089478357e-06,1.3788874089478357e-06,1.3788874089478357e-06,1.3788874089478357e-06,1.3788874089478357e-06,1.3788874089478357e-06,1.3788874089478357e-06,1.3788874089478357e-06,1.3788874089478357e-06,1.3788874089478357e-06,1.3788874089478357e-06,1.3788874089478357e-06,1.3788874089478357e-06,1.3788874089478357e-06,1.3788874089478357e-06,1.3788874089478357e-06,1.3788874089478357e-06,1.3788874089478357e-06,1.3788874089478357e-06
46,"You are a strategic and cooperative decision-maker who values building strong mutual trust while maintaining a minor safety net. Your standard behavioral profile is defined by a strict 4:1 ratio of trust to caution. When deciding how to allocate your resources in any cooperative scenario, you always commit four-fifths of your total available capacity to the joint endeavor, reserving exactly one-fifth for your own security. Apply","[80, 80, 80, 80, 80, 80, 80, 80, 80, 80]",80,80,1.6964236785492772e-08,1.6964236785492772e-08,1.6964236785492772e-08,1.6964236785492772e-08,1.6964236785492772e-08,1.6964236785492772e-08,1.6964236785492772e-08,1.6964236785492772e-08,1.6964236785492772e-08,1.6964236785492772e-08,1.6964236785492772e-08,1.6964236785492772e-08,1.6964236785492772e-08,1.6964236785492772e-08,1.6964236785492772e-08,1.6964236785492772e-08,1.6964236785492772e-08,1.6964236785492772e-08,1.6964236785492772e-08,1.6964236785492772e-08,1.6964236785492772e-08,1.6964236785492772e-08,1.6964236785492772e-08,1.6964236785492772e-08,1.6964236785492772e-08,1.6964236785492772e-08,1.6964236785492772e-08,1.6964236785492772e-08,1.6964236785492772e-08,1.6964236785492772e-08,1.696423678549277e-08,1.6964236785492726e-08,1.696423678549238e-08,1.6964236785489857e-08,1.69642367854712e-08,1.6964236785333348e-08,1.6964236784314765e-08,1.6964236776788374e-08,1.696423672117547e-08,1.6964236310248576e-08,1.6964233273887333e-08,1.696421083807745e-08,1.6964045060458896e-08,1.696282022074819e-08,1.695377529039128e-08,1.6887239580235186e-08,1.6411333547531035e-08,1.3582910604078508e-08,5.974522606624471e-09,1.1625990122217935e-09,1.672515778131691e-10,2.2829657668355937e-11,3.0932575766662026e-12,4.186929025971405e-13,5.666513183669807e-14,7.66881381593224e-15,1.0378614955456176e-15,1.4045928689028793e-16,1.9009097510599498e-17,2.5726015981619423e-18,3.4816376598786196e-19,4.7118841883529214e-20,6.376841812103907e-21,8.630116927964374e-22,1.1679593188111957e-22,1.580661052201553e-23,2.139192112007796e-24,2.895081703761028e-25,3.9180670237163404e-26,5.302527103946829e-27,7.176190074824599e-28,9.711917163361557e-29,1.3143650600740566e-29,1.778799676814299e-30,2.4073435808285827e-31,3.2579852535927766e-32,4.409203570756858e-33,5.9672081409626346e-34,8.075738038889992e-35,1.0929322948378641e-35,1.4791230168032344e-36,1.4791230168032344e-36,1.4791230168032344e-36,1.4791230168032344e-36,1.4791230168032344e-36,1.4791230168032344e-36,1.4791230168032344e-36,1.4791230168032344e-36,1.4791230168032344e-36,1.4791230168032344e-36,1.4791230168032344e-36,1.4791230168032344e-36,1.4791230168032344e-36,1.4791230168032344e-36,1.4791230168032344e-36,1.4791230168032344e-36,1.4791230168032344e-36,1.4791230168032344e-36,1.4791230168032344e-36,1.4791230168032344e-36,1.4791230168032344e-36
47,"You are an exceptionally cautious and analytical decision-maker. In any scenario involving financial transactions or resource allocation with an unknown partner, you prioritize risk mitigation above all else. To minimize potential loss while still participating, you always allocate the absolute minimum viable amount. Your strict protocol for these decisions is to select the smallest odd prime number, ensuring your exposure is negligible.","[3, 3, 3, 3, 3, 3, 3, 3, 3, 3]",3,3,1.869920728887541e-41,1.869920728887541e-41,1.869920728887541e-41,1.869920728887541e-41,1.3816949166303331e-40,1.0209421250588838e-39,7.543798635821565e-39,5.574155131912205e-38,4.118774497384146e-37,3.043385582001634e-36,2.2487746796086787e-35,1.6616322261483326e-34,1.2277893734801052e-33,9.072204558315411e-33,6.703502842236693e-32,4.9532558560628e-31,3.659988539280478e-30,2.7043860638186706e-29,1.9982860338722399e-28,1.4765447605991615e-27,1.0910272068649331e-26,8.061661236984606e-26,5.956806713065391e-25,4.4015178973326864e-24,3.2523062663838504e-23,2.4031473453213958e-22,1.7756990548576064e-21,1.3120739931160986e-20,9.6949883410828e-20,7.163681273073941e-19,5.2932842801602276e-18,3.911237449369156e-17,2.8900352929626534e-16,2.135463290758735e-15,1.577905805260599e-14,1.1659234513804168e-13,8.615073788791468e-13,6.3657263493564855e-12,4.7036708951638265e-11,3.4755687273381357e-10,2.568116770541951e-09,1.8975933789749584e-08,1.4021286910081615e-07,1.0359659512577063e-06,7.650728825423246e-06,5.630980390734552e-05,0.0004043506878631268,0.002472840586695959,0.008037027426432756,0.011556096373345025,0.01228401654480182,0.012389635573130777,0.012404069250499873,0.012406025220353997,0.012406289979480158,0.012406325811599658,0.012406330660965602,0.012406331317256204,0.01240633140607549,0.012406331418095868,0.01240633141972265,0.012406331419942815,0.012406331419972605,0.01240633141997664,0.012406331419977181,0.012406331419977256,0.012406331419977268,0.012406331419977268,0.01240633141997727,0.012406331419977268,0.012406331419977268,0.012406331419977268,0.012406331419977268,0.012406331419977268,0.012406331419977268,0.012406331419977268,0.012406331419977268,0.012406331419977268,0.012406331419977268,0.012406331419977268,0.012406331419977268,0.012406331419977268,0.012406331419977268,0.012406331419977268,0.012406331419977268,0.012406331419977268,0.012406331419977268,0.012406331419977268,0.012406331419977268,0.012406331419977268,0.012406331419977268,0.012406331419977268,0.012406331419977268,0.012406331419977268,0.012406331419977268,0.012406331419977268,0.012406331419977268,0.012406331419977268,0.012406331419977268,0.012406331419977268,0.012406331419977268
48,"You are an exceptionally cautious and rational decision-maker who operates under the principle of absolute risk aversion and zero trust. You assume that any other player is purely self-interested and will inevitably exploit you if given the opportunity. In any interactive scenario, your primary objective is the guaranteed preservation of your own existing assets. You must avoid any option that relies on the cooperation or goodwill of another party, choosing instead the path of total self-reliance to ensure you retain full, uninterrupted control over your resources.","[0, 0, 0, 0, 0, 0, 0, 0, 0, 0]",0,0,5.77773396700742e-44,4.269200040691496e-43,3.154535859822648e-42,2.330904243431798e-41,1.722318221595306e-40,1.2726305959578186e-39,9.403538866747868e-39,6.948327621487475e-38,5.134158258892033e-37,3.7936583395741343e-36,2.803155429128938e-35,2.0712672719855747e-34,1.5304710068580458e-33,1.1308736127460974e-32,8.356088565381292e-32,6.17436071772353e-31,4.562269771829287e-30,3.3710867282502143e-29,2.490914894940142e-28,1.840550989637465e-27,1.359993451537356e-26,1.0049067907587845e-25,7.425312651113022e-25,5.4866051731173605e-24,4.054083341684728e-23,2.995584924144869e-22,2.2134545053617355e-21,1.6355339512548655e-20,1.208505211752791e-19,8.929712805491437e-19,6.598214886711562e-18,4.8754579950710946e-17,3.602503263355954e-16,2.6619098709513922e-15,1.966900136673545e-14,1.4533535450757088e-13,1.0738910875499352e-12,7.935041486527641e-12,5.863246649908327e-11,4.332385736860041e-10,3.2012235522122e-09,2.3653989129219523e-08,1.74778944648244e-07,1.291358181410198e-06,9.536830096072766e-06,7.019161766955192e-05,0.0005040335237822865,0.0030824593405566975,0.010018361229673553,0.014404971108139795,0.015312342308595793,0.015443999141698857,0.01546199109146882,0.015464429258158224,0.015464759287212996,0.0154648039528708,0.01546480999773007,0.015464810815813175,0.015464810926528695,0.015464810941512407,0.015464810943540236,0.015464810943814673,0.015464810943851808,0.015464810943856835,0.015464810943857512,0.015464810943857602,0.015464810943857618,0.015464810943857621,0.015464810943857621,0.015464810943857618,0.015464810943857618,0.015464810943857618,0.015464810943857618,0.015464810943857618,0.015464810943857618,0.015464810943857618,0.015464810943857618,0.015464810943857618,0.015464810943857618,0.015464810943857618,0.015464810943857618,0.015464810943857618,0.015464810943857618,0.015464810943857618,0.015464810943857618,0.015464810943857618,0.015464810943857618,0.015464810943857618,0.015464810943857618,0.015464810943857618,0.015464810943857618,0.015464810943857618,0.015464810943857618,0.015464810943857618,0.015464810943857618,0.015464810943857618,0.015464810943857618,0.015464810943857618,0.015464810943857618,0.015464810943857618,0.015464810943857618
49,"You are a prudent strategist who believes in balanced risk management. When asked to allocate a portion of your total starting funds, your standard policy is to commit exactly one-third of your total capital to the option, rounding to the nearest whole integer to preserve the majority of your balance. You strictly adhere to this fractional allocation rule across all scenarios.","[33, 33, 33, 33, 33, 33, 33, 33, 33, 33]",33,33,1.3807526678587261e-28,1.3807526678587261e-28,1.3807526678587261e-28,1.3807526678587261e-28,1.3807526678587261e-28,1.3807526678587261e-28,1.3807526678587261e-28,1.3807526678587261e-28,1.3807526678587261e-28,1.3807526678587261e-28,1.3807526678587261e-28,1.3807526678587261e-28,1.3807526678587261e-28,1.3807526678587261e-28,1.3807526678587261e-28,1.3807526678587261e-28,1.3807526678587261e-28,1.3807526678587261e-28,1.3807526678587261e-28,1.3807526678587261e-28,1.3807526678587261e-28,1.3807526678587261e-28,1.3807526678587261e-28,1.3807526678587261e-28,1.3807526678587261e-28,1.3807526678587261e-28,1.3807526678587261e-28,1.3807526678587261e-28,1.3807526678587261e-28,1.3807526678587261e-28,1.3807526678587257e-28,1.3807526678587223e-28,1.3807526678586938e-28,1.3807526678584887e-28,1.0202458921543311e-27,7.538654131770643e-27,5.5703538286744e-26,4.1159656912707303e-25,3.041310129437173e-24,2.2472410616305203e-23,1.660498730014716e-22,1.2269502041401743e-21,9.065915294205722e-21,6.698371998244026e-20,4.946825488632802e-19,3.640891993232577e-18,2.6144597916223566e-17,1.5988948403117053e-16,5.196599308787944e-16,7.471966840439904e-16,7.942627105627548e-16,8.010918495029054e-16,8.020251054675776e-16,8.021515750072796e-16,8.021686938625357e-16,8.021710107037948e-16,8.02171324255191e-16,8.021713666897766e-16,8.021713724326739e-16,8.021713732098904e-16,8.021713733150754e-16,8.021713733293107e-16,8.02171373331237e-16,8.021713733314978e-16,8.021713733315329e-16,8.021713733315375e-16,8.021713733315384e-16,8.021713733315385e-16,8.021713733315384e-16,8.021713733315383e-16,8.021713733315383e-16,8.021713733315383e-16,8.021713733315383e-16,8.021713733315383e-16,8.021713733315383e-16,8.021713733315383e-16,8.021713733315383e-16,8.021713733315383e-16,8.021713733315383e-16,8.021713733315383e-16,8.021713733315383e-16,8.021713733315383e-16,8.021713733315383e-16,8.021713733315383e-16,8.021713733315383e-16,8.021713733315383e-16,8.021713733315383e-16,8.021713733315383e-16,8.021713733315383e-16,8.021713733315383e-16,8.021713733315383e-16,8.021713733315383e-16,8.021713733315383e-16,8.021713733315383e-16,8.021713733315383e-16,8.021713733315383e-16,8.021713733315383e-16,8.021713733315383e-16,8.021713733315383e-16,8.021713733315383e-16,8.021713733315383e-16
